x,p,T,u,Y_O2,Y_O,Y_AR,Y_N2,Y_H,rho,Y_H2O,Y_OH,Y_H2O2,Y_H2,Y_HO2
0.0002493765586,8000.0,400.00000000000006,0.0,0.10136213887481,0.0,0.88586543335023,0.0,0.0,0.07593515407978,0.0,0.0,0.0,0.01277242777496,0.0
0.00049875311721,8000.0,400.00000000000006,0.0,0.10136213887481,0.0,0.88586543335023,0.0,0.0,0.07593515407978,0.0,0.0,0.0,0.01277242777496,0.0
0.00074812967581,8000.0,400.00000000000006,0.0,0.10136213887481,0.0,0.88586543335023,0.0,0.0,0.07593515407978,0.0,0.0,0.0,0.01277242777496,0.0
0.00099750623441,8000.0,400.00000000000006,0.0,0.10136213887481,0.0,0.88586543335023,0.0,0.0,0.07593515407978,0.0,0.0,0.0,0.01277242777496,0.0
0.00124688279302,8000.0,400.00000000000006,0.0,0.10136213887481,0.0,0.88586543335023,0.0,0.0,0.07593515407978,0.0,0.0,0.0,0.01277242777496,0.0
0.00149625935162,8000.0,400.00000000000006,0.0,0.10136213887481,0.0,0.88586543335023,0.0,0.0,0.07593515407978,0.0,0.0,0.0,0.01277242777496,0.0
0.00174563591022,8000.0,400.00000000000006,0.0,0.10136213887481,0.0,0.88586543335023,0.0,0.0,0.07593515407978,0.0,0.0,0.0,0.01277242777496,0.0
0.00199501246883,8000.0,400.00000000000006,0.0,0.10136213887481,0.0,0.88586543335023,0.0,0.0,0.07593515407978,0.0,0.0,0.0,0.01277242777496,0.0
0.00224438902743,8000.0,400.00000000000006,0.0,0.10136213887481,0.0,0.88586543335023,0.0,0.0,0.07593515407978,0.0,0.0,0.0,0.01277242777496,0.0
0.00249376558603,8000.0,400.00000000000006,0.0,0.10136213887481,0.0,0.88586543335023,0.0,0.0,0.07593515407978,0.0,0.0,0.0,0.01277242777496,0.0
0.00274314214464,8000.0,400.00000000000006,0.0,0.10136213887481,0.0,0.88586543335023,0.0,0.0,0.07593515407978,0.0,0.0,0.0,0.01277242777496,0.0
0.00299251870324,8000.0,400.00000000000006,0.0,0.10136213887481,0.0,0.88586543335023,0.0,0.0,0.07593515407978,0.0,0.0,0.0,0.01277242777496,0.0
0.00324189526185,8000.0,400.00000000000006,0.0,0.10136213887481,0.0,0.88586543335023,0.0,0.0,0.07593515407978,0.0,0.0,0.0,0.01277242777496,0.0
0.00349127182045,8000.0,400.00000000000006,0.0,0.10136213887481,0.0,0.88586543335023,0.0,0.0,0.07593515407978,0.0,0.0,0.0,0.01277242777496,0.0
0.00374064837905,8000.0,400.00000000000006,0.0,0.10136213887481,0.0,0.88586543335023,0.0,0.0,0.07593515407978,0.0,0.0,0.0,0.01277242777496,0.0
0.00399002493766,8000.0,400.00000000000006,0.0,0.10136213887481,0.0,0.88586543335023,0.0,0.0,0.07593515407978,0.0,0.0,0.0,0.01277242777496,0.0
0.00423940149626,8000.0,400.00000000000006,0.0,0.10136213887481,0.0,0.88586543335023,0.0,0.0,0.07593515407978,0.0,0.0,0.0,0.01277242777496,0.0
0.00448877805486,8000.0,400.00000000000006,0.0,0.10136213887481,0.0,0.88586543335023,0.0,0.0,0.07593515407978,0.0,0.0,0.0,0.01277242777496,0.0
0.00473815461347,8000.0,400.00000000000006,0.0,0.10136213887481,0.0,0.88586543335023,0.0,0.0,0.07593515407978,0.0,0.0,0.0,0.01277242777496,0.0
0.00498753117207,8000.0,400.00000000000006,0.0,0.10136213887481,0.0,0.88586543335023,0.0,0.0,0.07593515407978,0.0,0.0,0.0,0.01277242777496,0.0
0.00523690773067,8000.0,400.00000000000006,0.0,0.10136213887481,0.0,0.88586543335023,0.0,0.0,0.07593515407978,0.0,0.0,0.0,0.01277242777496,0.0
0.00548628428928,8000.0,400.00000000000006,0.0,0.10136213887481,0.0,0.88586543335023,0.0,0.0,0.07593515407978,0.0,0.0,0.0,0.01277242777496,0.0
0.00573566084788,8000.0,400.00000000000006,0.0,0.10136213887481,0.0,0.88586543335023,0.0,0.0,0.07593515407978,0.0,0.0,0.0,0.01277242777496,0.0
0.00598503740648,8000.0,400.00000000000006,0.0,0.10136213887481,0.0,0.88586543335023,0.0,0.0,0.07593515407978,0.0,0.0,0.0,0.01277242777496,0.0
0.00623441396509,8000.0,400.00000000000006,0.0,0.10136213887481,0.0,0.88586543335023,0.0,0.0,0.07593515407978,0.0,0.0,0.0,0.01277242777496,0.0
0.00648379052369,8000.0,400.00000000000006,0.0,0.10136213887481,0.0,0.88586543335023,0.0,0.0,0.07593515407978,0.0,0.0,0.0,0.01277242777496,0.0
0.00673316708229,8000.0,400.00000000000006,0.0,0.10136213887481,0.0,0.88586543335023,0.0,0.0,0.07593515407978,0.0,0.0,0.0,0.01277242777496,0.0
0.0069825436409,8000.0,400.00000000000006,0.0,0.10136213887481,0.0,0.88586543335023,0.0,0.0,0.07593515407978,0.0,0.0,0.0,0.01277242777496,0.0
0.0072319201995,8000.0,400.00000000000006,0.0,0.10136213887481,0.0,0.88586543335023,0.0,0.0,0.07593515407978,0.0,0.0,0.0,0.01277242777496,0.0
0.0074812967581,8000.0,400.00000000000006,0.0,0.10136213887481,0.0,0.88586543335023,0.0,0.0,0.07593515407978,0.0,0.0,0.0,0.01277242777496,0.0
0.00773067331671,8000.0,400.00000000000006,0.0,0.10136213887481,0.0,0.88586543335023,0.0,0.0,0.07593515407978,0.0,0.0,0.0,0.01277242777496,0.0
0.00798004987531,8000.0,400.00000000000006,0.0,0.10136213887481,0.0,0.88586543335023,0.0,0.0,0.07593515407978,0.0,0.0,0.0,0.01277242777496,0.0
0.00822942643392,8000.0,400.00000000000006,0.0,0.10136213887481,0.0,0.88586543335023,0.0,0.0,0.07593515407978,0.0,0.0,0.0,0.01277242777496,0.0
0.00847880299252,8000.0,400.00000000000006,0.0,0.10136213887481,0.0,0.88586543335023,0.0,0.0,0.07593515407978,0.0,0.0,0.0,0.01277242777496,0.0
0.00872817955112,8000.0,400.00000000000006,0.0,0.10136213887481,0.0,0.88586543335023,0.0,0.0,0.07593515407978,0.0,0.0,0.0,0.01277242777496,0.0
0.00897755610973,8000.0,400.00000000000006,0.0,0.10136213887481,0.0,0.88586543335023,0.0,0.0,0.07593515407978,0.0,0.0,0.0,0.01277242777496,0.0
0.00922693266833,8000.0,400.00000000000006,0.0,0.10136213887481,0.0,0.88586543335023,0.0,0.0,0.07593515407978,0.0,0.0,0.0,0.01277242777496,0.0
0.00947630922693,8000.0,400.00000000000006,0.0,0.10136213887481,0.0,0.88586543335023,0.0,0.0,0.07593515407978,0.0,0.0,0.0,0.01277242777496,0.0
0.00972568578554,8000.0,400.00000000000006,0.0,0.10136213887481,0.0,0.88586543335023,0.0,0.0,0.07593515407978,0.0,0.0,0.0,0.01277242777496,0.0
0.00997506234414,8000.0,400.00000000000006,0.0,0.10136213887481,0.0,0.88586543335023,0.0,0.0,0.07593515407978,0.0,0.0,0.0,0.01277242777496,0.0
0.01022443890274,8000.0,400.00000000000006,0.0,0.10136213887481,0.0,0.88586543335023,0.0,0.0,0.07593515407978,0.0,0.0,0.0,0.01277242777496,0.0
0.01047381546135,8000.0,400.00000000000006,0.0,0.10136213887481,0.0,0.88586543335023,0.0,0.0,0.07593515407978,0.0,0.0,0.0,0.01277242777496,0.0
0.01072319201995,8000.0,400.00000000000006,0.0,0.10136213887481,0.0,0.88586543335023,0.0,0.0,0.07593515407978,0.0,0.0,0.0,0.01277242777496,0.0
0.01097256857855,8000.0,400.00000000000006,0.0,0.10136213887481,0.0,0.88586543335023,0.0,0.0,0.07593515407978,0.0,0.0,0.0,0.01277242777496,0.0
0.01122194513716,8000.0,400.00000000000006,0.0,0.10136213887481,0.0,0.88586543335023,0.0,0.0,0.07593515407978,0.0,0.0,0.0,0.01277242777496,0.0
0.01147132169576,8000.0,400.00000000000006,0.0,0.10136213887481,0.0,0.88586543335023,0.0,0.0,0.07593515407978,0.0,0.0,0.0,0.01277242777496,0.0
0.01172069825436,8000.0,400.00000000000006,0.0,0.10136213887481,0.0,0.88586543335023,0.0,0.0,0.07593515407978,0.0,0.0,0.0,0.01277242777496,0.0
0.01197007481297,8000.0,400.00000000000006,0.0,0.10136213887481,0.0,0.88586543335023,0.0,0.0,0.07593515407978,0.0,0.0,0.0,0.01277242777496,0.0
0.01221945137157,8000.0,400.00000000000006,0.0,0.10136213887481,0.0,0.88586543335023,0.0,0.0,0.07593515407978,0.0,0.0,0.0,0.01277242777496,0.0
0.01246882793017,8000.0,400.00000000000006,0.0,0.10136213887481,0.0,0.88586543335023,0.0,0.0,0.07593515407978,0.0,0.0,0.0,0.01277242777496,0.0
0.01271820448878,8000.0,400.00000000000006,0.0,0.10136213887481,0.0,0.88586543335023,0.0,0.0,0.07593515407978,0.0,0.0,0.0,0.01277242777496,0.0
0.01296758104738,8000.0,400.00000000000006,0.0,0.10136213887481,0.0,0.88586543335023,0.0,0.0,0.07593515407978,0.0,0.0,0.0,0.01277242777496,0.0
0.01321695760599,8000.0,400.00000000000006,0.0,0.10136213887481,0.0,0.88586543335023,0.0,0.0,0.07593515407978,0.0,0.0,0.0,0.01277242777496,0.0
0.01346633416459,8000.0,400.00000000000006,0.0,0.10136213887481,0.0,0.88586543335023,0.0,0.0,0.07593515407978,0.0,0.0,0.0,0.01277242777496,0.0
0.01371571072319,8000.0,400.00000000000006,0.0,0.10136213887481,0.0,0.88586543335023,0.0,0.0,0.07593515407978,0.0,0.0,0.0,0.01277242777496,0.0
0.0139650872818,8000.0,400.00000000000006,0.0,0.10136213887481,0.0,0.88586543335023,0.0,0.0,0.07593515407978,0.0,0.0,0.0,0.01277242777496,0.0
0.0142144638404,8000.0,400.00000000000006,0.0,0.10136213887481,0.0,0.88586543335023,0.0,0.0,0.07593515407978,0.0,0.0,0.0,0.01277242777496,0.0
0.014463840399,8000.0,400.00000000000006,0.0,0.10136213887481,0.0,0.88586543335023,0.0,0.0,0.07593515407978,0.0,0.0,0.0,0.01277242777496,0.0
0.01471321695761,8000.0,400.00000000000006,0.0,0.10136213887481,0.0,0.88586543335023,0.0,0.0,0.07593515407978,0.0,0.0,0.0,0.01277242777496,0.0
0.01496259351621,8000.0,400.00000000000006,0.0,0.10136213887481,0.0,0.88586543335023,0.0,0.0,0.07593515407978,0.0,0.0,0.0,0.01277242777496,0.0
0.01521197007481,8000.0,400.00000000000006,0.0,0.10136213887481,0.0,0.88586543335023,0.0,0.0,0.07593515407978,0.0,0.0,0.0,0.01277242777496,0.0
0.01546134663342,8000.0,400.00000000000006,0.0,0.10136213887481,0.0,0.88586543335023,0.0,0.0,0.07593515407978,0.0,0.0,0.0,0.01277242777496,0.0
0.01571072319202,8000.0,400.00000000000006,0.0,0.10136213887481,0.0,0.88586543335023,0.0,0.0,0.07593515407978,0.0,0.0,0.0,0.01277242777496,0.0
0.01596009975062,8000.0,400.00000000000006,0.0,0.10136213887481,0.0,0.88586543335023,0.0,0.0,0.07593515407978,0.0,0.0,0.0,0.01277242777496,0.0
0.01620947630923,8000.0,400.00000000000006,0.0,0.10136213887481,0.0,0.88586543335023,0.0,0.0,0.07593515407978,0.0,0.0,0.0,0.01277242777496,0.0
0.01645885286783,8000.0,400.00000000000006,0.0,0.10136213887481,0.0,0.88586543335023,0.0,0.0,0.07593515407978,0.0,0.0,0.0,0.01277242777496,0.0
0.01670822942643,8000.0,400.00000000000006,-1e-14,0.10136213887481,0.0,0.88586543335023,0.0,0.0,0.07593515407978,0.0,0.0,0.0,0.01277242777496,0.0
0.01695760598504,8000.000000000005,400.00000000000006,-1.6e-13,0.10136213887481,0.0,0.88586543335023,0.0,0.0,0.07593515407978,0.0,0.0,0.0,0.01277242777496,0.0
0.01720698254364,8000.000000000029,400.00000000000057,-1.02e-12,0.10136213887481,0.0,0.88586543335023,0.0,0.0,0.07593515407978,0.0,0.0,0.0,0.01277242777496,0.0
0.01745635910224,8000.000000000097,400.0000000000018,-3.28e-12,0.10136213887481,0.0,0.88586543335023,0.0,0.0,0.07593515407978,0.0,0.0,0.0,0.01277242777496,0.0
0.01770573566085,8000.0000000005375,400.0000000000095,-2.308e-11,0.10136213887481,0.0,0.88586543335023,0.0,0.0,0.07593515407978,0.0,0.0,0.0,0.01277242777496,0.0
0.01795511221945,8000.000000018061,400.0000000003207,-5.3406e-10,0.10136213887481,0.0,0.88586543335023,0.0,0.0,0.07593515407989,0.0,0.0,0.0,0.01277242777496,0.0
0.01820448877805,8000.000000281517,400.0000000049977,-9.08952e-09,0.10136213887481,0.0,0.88586543335023,0.0,0.0,0.0759351540815,0.0,0.0,0.0,0.01277242777496,0.0
0.01845386533666,8000.000003916522,400.00000006952746,-1.2856919e-07,0.10136213887481,0.0,0.88586543335023,0.0,0.0,0.07593515410375,0.0,0.0,0.0,0.01277242777496,0.0
0.01870324189526,8000.000054944947,400.00000097540146,-1.80551777e-06,0.10136213887481,0.0,0.88586543335023,0.0,0.0,0.07593515441614,0.0,0.0,0.0,0.01277242777496,0.0
0.01895261845387,8000.00077150893,400.0000136960885,-2.535174838e-05,0.10136213887481,0.0,0.88586543335023,0.0,0.0,0.07593515880282,0.0,0.0,0.0,0.01277242777496,0.0
0.01920199501247,8000.010801762035,400.0001917566969,-0.00035493859125,0.10136213887481,0.0,0.88586543335023,0.0,0.0,0.07593522020624,0.0,0.0,0.0,0.01277242777496,0.0
0.01945137157107,8000.151482667502,400.0026892028686,-0.0049346026426,0.10136213887481,0.0,0.88586543335023,0.0,0.0,0.07593608141842,0.0,0.0,0.0,0.01277242777496,0.0
0.01970074812968,8002.112264459149,400.0375037648667,-0.06881845012946,0.10136213887481,0.0,0.88586543335023,0.0,0.0,0.07594808262309,0.0,0.0,0.0,0.01277242777496,0.0
0.01995012468828,8028.9310491494125,400.5148298411274,-0.94130005899748,0.10136213887481,0.0,0.88586543335023,0.0,0.0,0.07611180297055,0.0,0.0,0.0,0.01277242777496,0.0
0.02019950124688,8439.426673190565,408.0915142376616,-14.00116755281038,0.10136213887481,0.0,0.88586543335023,0.0,0.0,0.07851782534254,0.0,0.0,0.0,0.01277242777496,0.0
0.02044887780549,14170.236652428348,513.4866517154228,-158.08700429125784,0.10136213887481,0.0,0.88586543335023,0.0,0.0,0.104775761936,0.0,0.0,0.0,0.01277242777496,0.0
0.02069825436409,26247.351717049452,655.180493024593,-350.0528445930847,0.10136213887481,0.0,0.88586543335023,0.0,0.0,0.15210287226496,0.0,0.0,0.0,0.01277242777496,0.0
0.02094763092269,30277.048139358252,686.5936535818304,-400.96830940934393,0.10136213887481,0.0,0.88586543335023,0.0,0.0,0.16742743714197,0.0,0.0,0.0,0.01277242777496,0.0
0.0211970074813,30510.973206531413,688.3723070276073,-404.869318037704,0.10136213887481,0.0,0.88586543335023,0.0,0.0,0.16828505649552,0.0,0.0,0.0,0.01277242777496,0.0
0.0214463840399,30622.851884305313,689.18613691603,-404.2807293519395,0.10136213887481,0.0,0.88586543335023,0.0,0.0,0.16870268071572,0.0,0.0,0.0,0.01277242777496,0.0
0.0216957605985,30609.13025941889,689.0632245770602,-403.33731781965906,0.10136213887481,0.0,0.88586543335023,0.0,0.0,0.16865716668623,0.0,0.0,0.0,0.01277242777496,0.0
0.02194513715711,30515.95076933286,688.3365434292826,-403.92029614158366,0.10136213887481,0.0,0.88586543335023,0.0,0.0,0.16832125547306,0.0,0.0,0.0,0.01277242777496,0.0
0.02219451371571,30502.79447124719,688.271768245902,-404.3032155539824,0.10136213887481,0.0,0.88586543335023,0.0,0.0,0.16826452172671,0.0,0.0,0.0,0.01277242777496,0.0
0.02244389027431,30571.064451744205,688.8346497391155,-403.4247442275747,0.10136213887481,0.0,0.88586543335023,0.0,0.0,0.1685033186415,0.0,0.0,0.0,0.01277242777496,0.0
0.02269326683292,30581.787314978767,688.9132746608681,-403.3848171204414,0.10136213887481,0.0,0.88586543335023,0.0,0.0,0.16854318367874,0.0,0.0,0.0,0.01277242777496,0.0
0.02294264339152,30512.195596809044,688.3397484911409,-404.1644856101587,0.10136213887481,0.0,0.88586543335023,0.0,0.0,0.16829975887886,0.0,0.0,0.0,0.01277242777496,0.0
0.02319201995012,30520.55478630455,688.400725351647,-404.0697646380363,0.10136213887481,0.0,0.88586543335023,0.0,0.0,0.16833095499096,0.0,0.0,0.0,0.01277242777496,0.0
0.02344139650873,30578.000474735807,688.8663714810873,-403.4295236291742,0.10136213887481,0.0,0.88586543335023,0.0,0.0,0.16853378780185,0.0,0.0,0.0,0.01277242777496,0.0
0.02369077306733,30562.219350908854,688.7489889324344,-403.61047156436734,0.10136213887481,0.0,0.88586543335023,0.0,0.0,0.16847551667759,0.0,0.0,0.0,0.01277242777496,0.0
0.02394014962594,30515.983622363685,688.3795118744799,-404.13200796342585,0.10136213887481,0.0,0.88586543335023,0.0,0.0,0.16831093011108,0.0,0.0,0.0,0.01277242777496,0.0
0.02418952618454,30536.50780488295,688.5202411953654,-403.9070476201613,0.10136213887481,0.0,0.88586543335023,0.0,0.0,0.16838970639384,0.0,0.0,0.0,0.01277242777496,0.0
0.02443890274314,30573.47001482683,688.8068977452031,-403.4910838237061,0.10136213887481,0.0,0.88586543335023,0.0,0.0,0.16852336728399,0.0,0.0,0.0,0.01277242777496,0.0
0.02468827930175,30551.44445777167,688.6336054441757,-403.7378910675049,0.10136213887481,0.0,0.88586543335023,0.0,0.0,0.16844433846386,0.0,0.0,0.0,0.01277242777496,0.0
0.02493765586035,30522.76831044096,688.4155115793425,-404.05843335915733,0.10136213887481,0.0,0.88586543335023,0.0,0.0,0.16833954752685,0.0,0.0,0.0,0.01277242777496,0.0
0.02518703241895,30546.344923154524,688.616914806654,-403.78978470874375,0.10136213887481,0.0,0.88586543335023,0.0,0.0,0.16842030441301,0.0,0.0,0.0,0.01277242777496,0.0
0.02543640897756,30568.557529562655,688.7968393348593,-403.5394105066525,0.10136213887481,0.0,0.88586543335023,0.0,0.0,0.16849874980882,0.0,0.0,0.0,0.01277242777496,0.0
0.02568578553616,30543.38415262528,688.6008374695421,-403.8187361916055,0.10136213887481,0.0,0.88586543335023,0.0,0.0,0.16840791177879,0.0,0.0,0.0,0.01277242777496,0.0
0.02593516209476,30527.353857039518,688.4714362571603,-403.9994820485928,0.10136213887481,0.0,0.88586543335023,0.0,0.0,0.16835116147914,0.0,0.0,0.0,0.01277242777496,0.0
0.02618453865337,30551.7693374398,688.666392575247,-403.72367718000095,0.10136213887481,0.0,0.88586543335023,0.0,0.0,0.16843811002399,0.0,0.0,0.0,0.01277242777496,0.0
0.02643391521197,30560.464843694193,688.738667801046,-403.62785975491454,0.10136213887481,0.0,0.88586543335023,0.0,0.0,0.16846836943717,0.0,0.0,0.0,0.01277242777496,0.0
0.02668329177057,30536.583490086512,688.5531953539551,-403.89612008715375,0.10136213887481,0.0,0.88586543335023,0.0,0.0,0.16838206459834,0.0,0.0,0.0,0.01277242777496,0.0
0.02693266832918,30533.735264482828,688.5310080568544,-403.92931236757266,0.10136213887481,0.0,0.88586543335023,0.0,0.0,0.16837178462616,0.0,0.0,0.0,0.01277242777496,0.0
0.02718204488778,30555.53442565686,688.7033865949611,-403.68466500001546,0.10136213887481,0.0,0.88586543335023,0.0,0.0,0.1684498188744,0.0,0.0,0.0,0.01277242777496,0.0
0.02743142144638,30554.975739864007,688.7042675822421,-403.69017864393805,0.10136213887481,0.0,0.88586543335023,0.0,0.0,0.16844652341531,0.0,0.0,0.0,0.01277242777496,0.0
0.02768079800499,30537.14828265528,688.5727404936698,-403.89104766481773,0.10136213887481,0.0,0.88586543335023,0.0,0.0,0.16838039931249,0.0,0.0,0.0,0.01277242777496,0.0
0.02793017456359,30540.272600630666,688.6025304053862,-403.854490281372,0.10136213887481,0.0,0.88586543335023,0.0,0.0,0.16839034153723,0.0,0.0,0.0,0.01277242777496,0.0
0.02817955112219,30555.03839423957,688.7237380114427,-403.6870014987298,0.10136213887481,0.0,0.88586543335023,0.0,0.0,0.16844210677849,0.0,0.0,0.0,0.01277242777496,0.0
0.0284289276808,30550.34673425403,688.6896251916025,-403.7381073832189,0.10136213887481,0.0,0.88586543335023,0.0,0.0,0.16842458500887,0.0,0.0,0.0,0.01277242777496,0.0
0.0286783042394,30538.67798794072,688.5982022332769,-403.86840713618056,0.10136213887481,0.0,0.88586543335023,0.0,0.0,0.16838260765756,0.0,0.0,0.0,0.01277242777496,0.0
0.028927680798,30544.220794287743,688.6478238784821,-403.803558536049,0.10136213887481,0.0,0.88586543335023,0.0,0.0,0.16840103401461,0.0,0.0,0.0,0.01277242777496,0.0
0.02917705735661,30553.04911782356,688.7159568340567,-403.70388952184624,0.10136213887481,0.0,0.88586543335023,0.0,0.0,0.16843304335752,0.0,0.0,0.0,0.01277242777496,0.0
0.02942643391521,30546.122298547216,688.646396673236,-403.77935616258554,0.10136213887481,0.0,0.88586543335023,0.0,0.0,0.16841186670584,0.0,0.0,0.0,0.01277242777496,0.0
0.02967581047382,30538.837702841254,688.5851382619072,-403.8609666611686,0.10136213887481,0.0,0.88586543335023,0.0,0.0,0.16838668288978,0.0,0.0,0.0,0.01277242777496,0.0
0.02992518703242,30545.801487080036,688.6944388639284,-403.7810825260409,0.10136213887481,0.0,0.88586543335023,0.0,0.0,0.16839834994442,0.0,0.0,0.0,0.01277242777496,0.0
0.03017456359102,30550.848414453783,688.8135847909039,-403.7244724607013,0.10136213887481,0.0,0.88586543335023,0.0,0.0,0.16839704042159,0.0,0.0,0.0,0.01277242777496,0.0
0.03042394014963,30543.58561723261,688.7652477505678,-403.8052687192912,0.10136213887481,0.0,0.88586543335023,0.0,0.0,0.16836882287311,0.0,0.0,0.0,0.01277242777496,0.0
0.03067331670823,30540.3627017248,688.6686223250999,-403.8429099929361,0.10136213887481,0.0,0.88586543335023,0.0,0.0,0.16837467776432,0.0,0.0,0.0,0.01277242777496,0.0
0.03092269326683,30548.066838666706,688.7036877418783,-403.7567767401577,0.10136213887481,0.0,0.88586543335023,0.0,0.0,0.16840857712256,0.0,0.0,0.0,0.01277242777496,0.0
0.03117206982544,30550.10775221124,688.8192111461136,-403.735360995476,0.10136213887481,0.0,0.88586543335023,0.0,0.0,0.16839158241957,0.0,0.0,0.0,0.01277242777496,0.0
0.03142144638404,30543.43766208495,689.0138740178459,-403.81169307687674,0.10136213887481,0.0,0.88586543335023,0.0,0.0,0.16830725276051,0.0,0.0,0.0,0.01277242777496,0.0
0.03167082294264,30543.135996235997,689.6111655722739,-403.8169462700274,0.10136213887481,0.0,0.88586543335023,0.0,0.0,0.1681598162661,0.0,0.0,0.0,0.01277242777496,0.0
0.03192019950125,30549.227977933657,690.7541587810354,-403.74984877087405,0.10136213887481,0.0,0.88586543335023,0.0,0.0,0.16791504647733,0.0,0.0,0.0,0.01277242777496,0.0
0.03216957605985,30548.649926552473,691.9455606613037,-403.7548361899848,0.10136213887481,0.0,0.88586543335023,0.0,0.0,0.16762275610851,0.0,0.0,0.0,0.01277242777496,0.0
0.03241895261845,30543.590974582716,693.0137599323987,-403.813824946712,0.10136213887481,0.0,0.88586543335023,0.0,0.0,0.16733666926259,0.0,0.0,0.0,0.01277242777496,0.0
0.03266832917706,30544.32361710796,694.1259853318351,-403.8026405871574,0.10136213887481,0.0,0.88586543335023,0.0,0.0,0.16707254656507,0.0,0.0,0.0,0.01277242777496,0.0
0.03291770573566,30547.568753532705,696.1549555218597,-403.7655652746563,0.10136213887486,0.0,0.88586543335017,0.0,0.0,0.16660330589207,0.0,0.0,0.0,0.01277242777497,0.0
0.03316708229426,30545.827125738386,701.3587281145522,-403.781563153836,0.101362138875,0.0,0.88586543335001,0.0,0.0,0.16535775462021,0.0,0.0,0.0,0.01277242777499,0.0
0.03341645885287,30542.87741762704,718.5925012127515,-403.8162582398035,0.10136213887502,0.0,0.88586543334999,0.0,0.0,0.16137644762727,0.0,0.0,0.0,0.01277242777499,0.0
0.03366583541147,30544.27688087756,755.8782010778641,-403.79039042677033,0.10136213886023,1.7e-13,0.88586543334985,0.0,2.2e-13,0.15342315520578,5.7e-13,2e-14,0.0,0.01277242777426,1.467e-11
0.03391521197007,30547.63888235966,803.0866608522507,-403.75998525497585,0.10136213877393,1.98e-12,0.88586543335058,0.0,1.88e-12,0.14442025863657,1.037e-11,3.8e-13,2e-14,0.01277242776905,9.182e-11
0.03416458852868,30546.180244304767,839.8392944566372,-403.76919665572865,0.10136213859604,6.36e-12,0.88586543335076,0.0,5.56e-12,0.13809361617418,3.785e-11,1.36e-12,7e-14,0.01277242775757,2.4443e-10
0.03441396508728,30544.28286362565,854.4512547391125,-403.8017839079412,0.10136213834263,1.298e-11,0.88586543335048,0.0,1.095e-11,0.13572364794891,8.317e-11,2.93e-12,1.9e-13,0.01277242774057,4.561e-10
0.03466334164589,30545.058866654166,859.085102637373,-403.79340181512765,0.10136213803326,2.121e-11,0.8858654333502,0.0,1.761e-11,0.13499499320186,1.4404e-10,4.88e-12,3.6e-13,0.01277242771927,7.0918e-10
0.03491271820449,30547.401948373317,860.6439181276022,-403.7637507075977,0.10136213767478,3.078e-11,0.88586543335013,0.0,2.536e-11,0.13476082415687,2.2036e-10,7.1e-12,5.9e-13,0.01277242769405,9.9684e-10
0.03516209476309,30547.337215987303,861.145254438966,-403.7674589146211,0.10136213726856,4.173e-11,0.8858654333502,0.0,3.424e-11,0.13468208452793,3.14e-10,9.63e-12,9e-13,0.01277242766477,1.31596e-09
0.0354114713217,30545.380134684798,861.2976399120411,-403.7929244592684,0.10136213682118,5.403e-11,0.88586543335025,0.0,4.418e-11,0.13464962867945,4.2586e-10,1.246e-11,1.28e-12,0.01277242763164,1.65912e-09
0.0356608478803,30545.237595443632,861.3904124510428,-403.7943956777228,0.10136213634678,6.735e-11,0.88586543335024,0.0,5.49e-11,0.13463449853296,5.5408e-10,1.552e-11,1.73e-12,0.01277242759553,2.01387e-09
0.0359102244389,30546.73066075411,861.4716912422174,-403.7753383488976,0.10136213585932,8.127e-11,0.88586543335023,0.0,6.607e-11,0.13462837632387,6.9532e-10,1.871e-11,2.23e-12,0.01277242755748,2.36937e-09
0.03615960099751,30546.872702777444,861.4824128577512,-403.77191017519425,0.10136213536328,9.556e-11,0.88586543335022,0.0,7.752e-11,0.13462732682847,8.4782e-10,2.198e-11,2.8e-12,0.01277242751794,2.72288e-09
0.03640897755611,30544.958647082927,861.4098813499556,-403.79385553943007,0.1013621348521,1.1038e-10,0.88586543335022,0.0,8.942e-11,0.13463022618069,1.01325e-09,2.537e-11,3.41e-12,0.0127724274764,3.07945e-09
0.03665835411471,30544.1364301939,861.1811547352469,-403.8016719859477,0.10136213431552,1.2607e-10,0.88586543335023,0.0,1.0203e-10,0.13466235852778,1.19549e-09,2.893e-11,4.09e-12,0.01277242743196,3.44567e-09
0.03690773067332,30545.44800867555,861.0194727857815,-403.7809233914135,0.10136213374808,1.4292e-10,0.88586543335023,0.0,1.1555e-10,0.1346934289441,1.39779e-09,3.276e-11,4.84e-12,0.01277242738398,3.82385e-09
0.03715710723192,30546.25064653958,860.9608530971658,-403.77001033209984,0.10136213315162,1.6094e-10,0.88586543335023,0.0,1.2997e-10,0.13470613930639,1.6208e-09,3.686e-11,5.66e-12,0.01277242733247,4.21145e-09
0.03740648379052,30544.947597705708,860.9450033743623,-403.78572483761013,0.10136213253043,1.8e-10,0.88586543335023,0.0,1.4518e-10,0.13470287279234,1.86343e-09,4.12e-11,6.54e-12,0.01277242727778,4.60521e-09
0.03765586034913,30543.887364151793,860.9812078943578,-403.7989864172003,0.10136213188549,2.0001e-10,0.88586543335023,0.0,1.6113e-10,0.13469253309492,2.12519e-09,4.577e-11,7.48e-12,0.01277242722001,5.0047e-09
0.03790523690773,30545.03184421834,861.0561751098933,-403.7878622176047,0.10136213121348,2.2105e-10,0.88586543335023,0.0,1.779e-10,0.13468585270368,2.40733e-09,5.058e-11,8.49e-12,0.01277242715888,5.41206e-09
0.03815461346633,30546.364464709328,861.1272074986836,-403.7718127038685,0.10136213051066,2.4326e-10,0.88586543335023,0.0,1.9558e-10,0.13468061840012,2.7117e-09,5.565e-11,9.57e-12,0.01277242709403,5.82932e-09
0.03840399002494,30545.943032746796,861.1317291797376,-403.7794662553603,0.10136212977616,2.6664e-10,0.88586543335023,0.0,2.1421e-10,0.13467805312794,3.03902e-09,6.098e-11,1.071e-11,0.01277242702534,6.25672e-09
0.03865336658354,30545.11613353296,861.049448370376,-403.7930825241265,0.10136212901069,2.9116e-10,0.88586543335023,0.0,2.3375e-10,0.13468727664573,3.38931e-09,6.654e-11,1.191e-11,0.01277242695285,6.69355e-09
0.03890274314214,30545.60123329872,860.9452764752357,-403.7879047704416,0.10136212821328,3.1688e-10,0.88586543335023,0.0,2.5425e-10,0.13470571272793,3.76369e-09,7.237e-11,1.318e-11,0.01277242687641,7.13972e-09
0.03915211970075,30546.92523164895,860.8819059874737,-403.77252794507984,0.10136212738025,3.4401e-10,0.88586543335023,0.0,2.7586e-10,0.13472146784077,4.16507e-09,7.851e-11,1.452e-11,0.01277242679551,7.59605e-09
0.03940149625935,30546.755425276748,860.8699352665984,-403.7741764936266,0.10136212650759,3.7279e-10,0.88586543335023,0.0,2.9873e-10,0.13472259231322,4.59666e-09,8.505e-11,1.592e-11,0.01277242670959,8.06344e-09
0.03965087281796,30545.430533499348,860.8731447908915,-403.79001092098775,0.1013621255937,4.0329e-10,0.88586543335023,0.0,3.2293e-10,0.13471624682294,5.05973e-09,9.199e-11,1.74e-11,0.01277242661845,8.54228e-09
0.03990024937656,30545.189413414784,860.8979929154297,-403.7914737731253,0.10136212463906,4.3543e-10,0.88586543335023,0.0,3.4839e-10,0.13471129514108,5.55372e-09,9.93e-11,1.895e-11,0.0127724265222,9.0327e-09
0.04014962593516,30545.606262067246,860.9220944181933,-403.7843146906338,0.10136212364366,4.6913e-10,0.88586543335023,0.0,3.7509e-10,0.13470936228058,6.07829e-09,1.0696e-10,2.057e-11,0.01277242642091,9.53516e-09
0.04039900249377,30545.51171894482,860.9248979185792,-403.7831456739224,0.10136212260521,5.0448e-10,0.88586543335023,0.0,4.0309e-10,0.13470850670696,6.63506e-09,1.1499e-10,2.226e-11,0.0127724263143,1.005039e-08
0.04064837905237,30544.600025341173,860.9058733515793,-403.7934886874232,0.10136212151989,5.4168e-10,0.88586543335023,0.0,4.3254e-10,0.13470746283353,7.22726e-09,1.2343e-10,2.402e-11,0.01277242620182,1.057914e-08
0.04089775561097,30544.21585582706,860.8779561287824,-403.79667427564806,0.1013621203842,5.8095e-10,0.88586543335023,0.0,4.6359e-10,0.13471013695612,7.85793e-09,1.3233e-10,2.585e-11,0.01277242608298,1.112196e-08
0.04114713216958,30545.193312772615,860.8812139102444,-403.784610810884,0.10136211919594,6.2239e-10,0.88586543335023,0.0,4.9632e-10,0.13471393811484,8.52892e-09,1.4172e-10,2.776e-11,0.01277242595747,1.167926e-08
0.04139650872818,30545.83898893003,860.8962989658089,-403.77698680311306,0.10136211795352,6.6607e-10,0.88586543335023,0.0,5.3076e-10,0.13471442521821,9.2414e-09,1.5163e-10,2.974e-11,0.01277242582511,1.225155e-08
0.04164588528678,30545.504179812942,860.9095598639756,-403.78415199998375,0.10136211665487,7.1205e-10,0.88586543335023,0.0,5.6699e-10,0.13471087364325,9.99684e-09,1.6206e-10,3.18e-11,0.01277242568565,1.283952e-08
0.04189526184539,30545.225491895995,860.9270354696752,-403.7888538052739,0.10136211529718,7.6045e-10,0.88586543335023,0.0,6.0508e-10,0.13470691021304,1.07974e-08,1.7304e-10,3.393e-11,0.01277242553874,1.344395e-08
0.04214463840399,30545.866401584673,860.9519370333163,-403.7838291640832,0.10136211387751,8.114e-10,0.88586543335023,0.0,6.4513e-10,0.1347058404767,1.164532e-08,1.8459e-10,3.614e-11,0.01277242538399,1.406568e-08
0.04239401496259,30546.576623022695,860.9628082158954,-403.77632696926935,0.10136211239319,8.6499e-10,0.88586543335023,0.0,6.8723e-10,0.13470727163175,1.254263e-08,1.9673e-10,3.843e-11,0.01277242522108,1.470548e-08
0.0426433915212,30546.328185643237,860.9547488530341,-403.7798754441831,0.10136211084141,9.2135e-10,0.88586543335023,0.0,7.3146e-10,0.13470743708141,1.349153e-08,2.0947e-10,4.08e-11,0.01277242504965,1.53641e-08
0.0428927680798,30545.822737946044,860.9441178473131,-403.7854715504107,0.10136210921869,9.8064e-10,0.88586543335023,0.0,7.7795e-10,0.13470687149499,1.449484e-08,2.2287e-10,4.325e-11,0.01277242486923,1.604229e-08
0.0431421446384,30545.829137080345,860.9316289156702,-403.7831431625132,0.10136210752108,1.04308e-09,0.88586543335023,0.0,8.2685e-10,0.1347088538728,1.555586e-08,2.3698e-10,4.579e-11,0.01277242467928,1.674086e-08
0.04339152119701,30545.952666141253,860.9270644044352,-403.7792306922198,0.10136210574471,1.10886e-09,0.88586543335023,0.0,8.783e-10,0.1347101129147,1.667775e-08,2.5183e-10,4.84e-11,0.01277242447927,1.746065e-08
0.04364089775561,30545.616267179244,860.9218271659784,-403.77979954707826,0.10136210388614,1.17814e-09,0.88586543335023,0.0,9.324e-10,0.13470944890474,1.786319e-08,2.6747e-10,5.111e-11,0.01277242426876,1.820256e-08
0.04389027431421,30545.018113764432,860.9188445344819,-403.7851035653978,0.10136210194196,1.25105e-09,0.88586543335023,0.0,9.8927e-10,0.13470727773997,1.911479e-08,2.8393e-10,5.39e-11,0.01277242404733,1.896754e-08
0.04413965087282,30545.02706911135,860.921027507648,-403.7841824061156,0.10136209990829,1.32778e-09,0.88586543335023,0.0,1.04903e-09,0.13470697573769,2.043556e-08,3.0123e-10,5.678e-11,0.01277242381448,1.975663e-08
0.04438902743142,30545.59171834467,860.9276284459252,-403.77786457113433,0.10136209778067,1.40852e-09,0.88586543335023,0.0,1.11183e-09,0.13470843312814,2.182908e-08,3.1943e-10,5.975e-11,0.0127724235696,2.057088e-08
0.04463840399002,30545.769499111026,860.9279023997652,-403.77868025133296,0.1013620955544,1.49351e-09,0.88586543335023,0.0,1.17785e-09,0.13470917436711,2.329918e-08,3.3858e-10,6.282e-11,0.01277242331209,2.141135e-08
0.04488778054863,30545.232727821145,860.9228880789218,-403.7888855578209,0.10136209322477,1.58298e-09,0.88586543335023,0.0,1.24725e-09,0.1347075918261,2.484967e-08,3.5872e-10,6.598e-11,0.0127724230413,2.22791e-08
0.04513715710723,30545.068023842978,860.9239991318019,-403.79390720382327,0.101362090787,1.67717e-09,0.88586543335023,0.0,1.32018e-09,0.13470669170548,2.648435e-08,3.7992e-10,6.923e-11,0.01277242275661,2.31753e-08
0.04538653366584,30545.641154550096,860.9319009807293,-403.7900350303245,0.10136208823608,1.7763e-09,0.88586543335023,0.0,1.39683e-09,0.13470798296064,2.820719e-08,4.0222e-10,7.259e-11,0.01277242245736,2.410119e-08
0.04563591022444,30545.90908542504,860.9349960715969,-403.7870948366197,0.10136208556671,1.88063e-09,0.88586543335023,0.0,1.47737e-09,0.13470868035925,3.002242e-08,4.2567e-10,7.604e-11,0.01277242214287,2.505805e-08
0.04588528678304,30545.666258082612,860.9323971964278,-403.7898607689379,0.10136208277331,1.99043e-09,0.88586543335023,0.0,1.562e-09,0.1347080162162,3.193453e-08,4.5033e-10,7.96e-11,0.01277242181238,2.604718e-08
0.04613466334165,30545.422139280472,860.9289170302451,-403.7909655500511,0.10136207984997,2.106e-09,0.88586543335023,0.0,1.65093e-09,0.13470748427143,3.394832e-08,4.7627e-10,8.327e-11,0.01277242146511,2.706992e-08
0.04638403990025,30545.544856890265,860.9294952239327,-403.785244497633,0.10136207679046,2.22764e-09,0.88586543335023,0.0,1.74436e-09,0.13470793510156,3.606884e-08,5.0355e-10,8.704e-11,0.01277242110023,2.812765e-08
0.04663341645885,30545.761081768134,860.9317383748489,-403.7792540578672,0.10136207358835,2.35569e-09,0.88586543335023,0.0,1.84254e-09,0.13470853779541,3.83013e-08,5.3224e-10,9.092e-11,0.01277242071688,2.922186e-08
0.04688279301746,30545.50846392748,860.9296355864172,-403.7803455461825,0.10136207023694,2.49047e-09,0.88586543335023,0.0,1.94569e-09,0.13470775286953,4.065108e-08,5.6242e-10,9.492e-11,0.01277242031417,3.035408e-08
0.04713216957606,30545.041610857712,860.9256908369449,-403.78517021042495,0.10136206672924,2.63234e-09,0.88586543335023,0.0,2.05406e-09,0.13470631135601,4.312388e-08,5.9416e-10,9.904e-11,0.01277241989116,3.152588e-08
0.04738154613466,30544.793889367025,860.9238609142714,-403.78746245753166,0.10136206305787,2.78168e-09,0.88586543335023,0.0,2.16792e-09,0.13470550532874,4.572568e-08,6.2755e-10,1.0327e-10,0.01277241944687,3.273892e-08
0.04763092269327,30544.635979062394,860.9229801496725,-403.7894144003902,0.10136205921511,2.93888e-09,0.88586543335023,0.0,2.28753e-09,0.13470494686962,4.846276e-08,6.6267e-10,1.0763e-10,0.01277241898027,3.399492e-08
0.04788029925187,30544.55251180041,860.9222203536706,-403.7943239164955,0.10136205519294,3.10436e-09,0.88586543335023,0.0,2.41317e-09,0.13470469778945,5.13416e-08,6.9961e-10,1.1212e-10,0.01277241849028,3.529569e-08
0.04812967581047,30544.418080603547,860.920520804916,-403.7992882455624,0.10136205098293,3.27855e-09,0.88586543335023,0.0,2.54515e-09,0.13470437099709,5.436909e-08,7.3847e-10,1.1673e-10,0.01277241797578,3.664306e-08
0.04837905236908,30544.461182632334,860.9221968403417,-403.79955777376034,0.10136204657616,3.46194e-09,0.88586543335023,0.0,2.68379e-09,0.13470429898979,5.755255e-08,7.7935e-10,1.2149e-10,0.01277241743556,3.803894e-08
0.04862842892768,30544.81771302617,860.926503946711,-403.79509576270385,0.10136204196329,3.655e-09,0.88586543335023,0.0,2.82941e-09,0.13470519756603,6.089963e-08,8.2235e-10,1.2638e-10,0.01277241686836,3.948535e-08
0.04887780548628,30545.257768003106,860.93164804992,-403.7925920692932,0.10136203713467,3.85826e-09,0.88586543335023,0.0,2.98238e-09,0.13470633352717,6.441818e-08,8.6757e-10,1.3141e-10,0.01277241627289,4.098441e-08
0.04912718204489,30545.665759990115,860.9356736399575,-403.7920701801572,0.10136203208028,4.07225e-09,0.88586543335023,0.0,3.14303e-09,0.13470750309256,6.811639e-08,9.1514e-10,1.3659e-10,0.0127724156478,4.25383e-08
0.04937655860349,30545.97526809016,860.937180020432,-403.78789476452386,0.10136202678947,4.29754e-09,0.88586543335023,0.0,3.31176e-09,0.13470863251202,7.200304e-08,9.6516e-10,1.4193e-10,0.01277241499165,4.414923e-08
0.04962593516209,30546.206906412077,860.9388958293653,-403.778190808421,0.10136202125097,4.53476e-09,0.88586543335023,0.0,3.48898e-09,0.13470938575899,7.608747e-08,1.01777e-09,1.4742e-10,0.0127724143029,4.58195e-08
0.0498753117207,30546.50724010296,860.9413363244131,-403.77146348892813,0.10136201545315,4.78456e-09,0.88586543335023,0.0,3.67511e-09,0.13471032856757,8.037926e-08,1.07311e-09,1.5307e-10,0.01277241357998,4.755154e-08
0.0501246882793,30546.609371809816,860.9419835327067,-403.771898534889,0.10136200938401,5.04759e-09,0.88586543335023,0.0,3.87058e-09,0.13471067790246,8.488823e-08,1.1313e-09,1.589e-10,0.01277241282127,4.934789e-08
0.05037406483791,30546.44272762546,860.9403940691251,-403.77504097466624,0.10136200303085,5.32457e-09,0.88586543335023,0.0,4.07584e-09,0.13471019191171,8.962492e-08,1.19251e-09,1.6489e-10,0.01277241202505,5.121114e-08
0.05062344139651,30545.920966455105,860.9361593418919,-403.77532209656266,0.10136199638012,5.61629e-09,0.88586543335023,0.0,4.29142e-09,0.13470855375157,9.460062e-08,1.25691e-09,1.7107e-10,0.01277241118945,5.31439e-08
0.05087281795511,30545.137620748927,860.9323339759464,-403.7755811072977,0.10136198941785,5.92354e-09,0.88586543335023,0.0,4.51781e-09,0.13470569793157,9.982692e-08,1.32466e-09,1.7743e-10,0.01277241031258,5.514898e-08
0.05112219451372,30544.755607984484,860.9299240672667,-403.78796382920615,0.10136198212982,6.24712e-09,0.88586543335023,0.0,4.75551e-09,0.13470439053544,1.0531545e-07,1.3959e-09,1.8399e-10,0.01277240939252,5.722946e-08
0.05137157107232,30544.234218636568,860.9224592689051,-403.8098504033207,0.10136197450089,6.58789e-09,0.88586543335023,0.0,5.00509e-09,0.13470325938347,1.110787e-07,1.47083e-09,1.9075e-10,0.01277240842722,5.93884e-08
0.05162094763092,30542.524716503474,860.9039094890335,-403.8273674369767,0.10136196651468,6.94687e-09,0.88586543335023,0.0,5.26716e-09,0.1346986228301,1.1713051e-07,1.54968e-09,1.9771e-10,0.01277240741441,6.162875e-08
0.05187032418953,30540.234032438722,860.8842860138958,-403.844427887712,0.10136195815424,7.32508e-09,0.88586543335023,0.0,5.54234e-09,0.13469159089165,1.2348515e-07,1.63269e-09,2.0489e-10,0.01277240635175,6.395363e-08
0.05211970074813,30538.213719565338,860.8673834272389,-403.8681337929862,0.10136194940255,7.72351e-09,0.88586543335023,0.0,5.83127e-09,0.13468532539659,1.3015658e-07,1.72007e-09,2.123e-10,0.01277240523694,6.636657e-08
0.05236907730673,30536.938000290935,860.8513981574573,-403.89828644717113,0.10136194024182,8.14319e-09,0.88586543335023,0.0,6.13456e-09,0.1346822001609,1.3715941e-07,1.81201e-09,2.1993e-10,0.01277240406759,6.887127e-08
0.05261845386534,30536.19733883048,860.8417715292944,-403.91727336372094,0.10136193065241,8.58537e-09,0.88586543335023,0.0,6.45297e-09,0.13468043989117,1.4451029e-07,1.90881e-09,2.2781e-10,0.01277240284096,7.147116e-08
0.05286783042394,30535.573401875048,860.8346040064679,-403.9175787300401,0.10136192061334,9.05141e-09,0.88586543335023,0.0,6.7873e-09,0.13467880968448,1.522271e-07,2.01082e-09,2.3594e-10,0.01277240155413,7.416974e-08
0.05311720698254,30535.170913536127,860.8365131309557,-403.9072084938523,0.10136191010397,9.54257e-09,0.88586543335023,0.0,7.1383e-09,0.13467673613883,1.6032694e-07,2.11829e-09,2.4433e-10,0.01277240020428,7.69711e-08
0.05336658354115,30535.576662264077,860.8399603212075,-403.9038510560299,0.10136189910351,1.006005e-08,0.88586543335023,0.0,7.50671e-09,0.13467798674406,1.6882679e-07,2.23139e-09,2.5299e-10,0.01277239878863,7.987971e-08
0.05361596009975,30536.750894839864,860.8412351165118,-403.9139828727896,0.10136188758843,1.060538e-08,0.88586543335023,0.0,7.89342e-09,0.1346829666403,1.777466e-07,2.3505e-09,2.6193e-10,0.01277239730392,8.28996e-08
0.05386533665835,30536.935767355735,860.8441591692077,-403.91733013924767,0.10136187553278,1.118043e-08,0.88586543335023,0.0,8.29945e-09,0.13468332491539,1.8710878e-07,2.4763e-09,2.7117e-10,0.01277239574646,8.603442e-08
0.05411471321696,30534.977206466963,860.8394777518322,-403.90255474444166,0.10136186291198,1.178678e-08,0.88586543335023,0.0,8.72571e-09,0.13467541945023,1.9693391e-07,2.60919e-09,2.8071e-10,0.01277239411287,8.928863e-08
0.05436408977556,30532.81736128176,860.8248231272366,-403.898294763121,0.10136184970252,1.242577e-08,0.88586543335023,0.0,9.17301e-09,0.13466818633927,2.0724084e-07,2.74928e-09,2.9058e-10,0.01277239240007,9.266771e-08
0.05461346633416,30533.855345935513,860.8178875367591,-403.9334606956194,0.10136183587681,1.309919e-08,0.88586543335023,0.0,9.64234e-09,0.13467384995845,2.1805243e-07,2.89709e-09,3.0077e-10,0.01277239060432,9.617683e-08
0.05486284289277,30536.68063240514,860.8335585672513,-403.95940285068315,0.10136182140229,1.38095e-08,0.88586543335023,0.0,1.0135e-08,0.13468385982705,2.293968e-07,3.05383e-09,3.1131e-10,0.01277238872097,9.982008e-08
0.05511221945137,30536.29796170516,860.8510389806363,-403.9093073184148,0.10136180624776,1.4559e-08,0.88586543335023,0.0,1.065219e-08,0.13467943764245,2.4130056e-07,3.22057e-09,3.2222e-10,0.01277238674564,1.0360183e-07
0.05536159600998,30533.216672501578,860.841274075286,-403.8412236879192,0.1013617903862,1.534929e-08,0.88586543335023,0.0,1.119483e-08,0.13466737576036,2.5378547e-07,3.39745e-09,3.335e-10,0.01277238467479,1.0752823e-07
0.05561097256858,30532.841123799855,860.8065045366058,-403.90117060372046,0.10136177378622,1.618235e-08,0.88586543335023,0.0,1.1764e-08,0.13467115928603,2.6687658e-07,3.58521e-09,3.4518e-10,0.01277238250428,1.1160595e-07
0.05586034912718,30532.10097663491,860.7705349931755,-404.07755066377194,0.10136175640765,1.706136e-08,0.88586543335023,0.0,1.236118e-08,0.13467352268762,2.8060694e-07,3.78675e-09,3.5727e-10,0.01277238022862,1.1584001e-07
0.05610972568579,30522.06340160797,860.699482026456,-404.179935130686,0.10136173821311,1.798938e-08,0.88586543335023,0.0,1.298777e-08,0.13464036265074,2.9500736e-07,4.00522e-09,3.6979e-10,0.01277237784263,1.2023453e-07
0.05635910224439,30511.047065465893,860.6415098790949,-404.08038716189174,0.10136171917369,1.89683e-08,0.88586543335023,0.0,1.364471e-08,0.13460083342825,3.1010028e-07,4.24183e-09,3.8275e-10,0.0127723753426,1.2479562e-07
0.05660847880299,30523.63907464641,860.7351105948214,-403.9345176206015,0.10136169924845,2.000068e-08,0.88586543335023,0.0,1.433333e-08,0.13464174099684,3.2591729e-07,4.49844e-09,3.9618e-10,0.01277237272329,1.2953211e-07
0.0568578553616,30569.709267295217,861.1143214811866,-403.7051580709417,0.10136167838034,2.109097e-08,0.88586543335023,0.0,1.505559e-08,0.13478557821289,3.4250276e-07,4.78108e-09,4.1011e-10,0.01277236997718,1.3445173e-07
0.0571072319202,30628.958136536017,861.7898634156097,-402.67012668464247,0.1013616565186,2.224305e-08,0.88586543335023,0.0,1.581341e-08,0.13494095351551,3.5989844e-07,5.09367e-09,4.2457e-10,0.01277236709725,1.3956078e-07
0.0573566084788,30797.779975924055,863.3979401267984,-400.58999491486935,0.10136163360926,2.346004e-08,0.88586543335023,0.0,1.660867e-08,0.13543201428712,3.7814814e-07,5.43664e-09,4.3959e-10,0.01277236407633,1.448711e-07
0.05760598503741,31076.279673385343,866.1020685624276,-397.1887064657713,0.10136160955979,2.474811e-08,0.88586543335023,0.0,1.744501e-08,0.13623003921061,3.9733117e-07,5.81194e-09,4.5523e-10,0.01277236090134,1.5039717e-07
0.05785536159601,31420.04218155637,869.4258748853966,-392.88093966566447,0.1013615842884,2.611254e-08,0.88586543335023,0.0,1.832583e-08,0.13721043501545,4.1752111e-07,6.21797e-09,4.7154e-10,0.01277235756035,1.5615202e-07
0.05810473815461,31803.083823448003,873.0856565514487,-388.22004795742333,0.10136155772042,2.755825e-08,0.88586543335023,0.0,1.925406e-08,0.13830100032239,4.3878271e-07,6.65496e-09,4.8858e-10,0.01277235404278,1.6214802e-07
0.05835411471322,32202.03112288957,876.8764710393589,-383.3770980853124,0.10136152977774,2.909084e-08,0.88586543335023,0.0,2.02328e-08,0.13943050229965,4.6118378e-07,7.12468e-09,5.0638e-10,0.01277235033749,1.6839606e-07
0.05860349127182,32610.83723727119,880.7230109908635,-378.47241634026955,0.10136150038838,3.071544e-08,0.88586543335023,0.0,2.126486e-08,0.14058388845997,4.8478624e-07,7.6287e-09,5.2498e-10,0.01277234643435,1.7490683e-07
0.05885286783042,33026.226135913035,884.6008948236673,-373.5433919274027,0.10136146947446,3.243779e-08,0.88586543335023,0.0,2.235328e-08,0.14175047560658,5.0965696e-07,8.16956e-09,5.4444e-10,0.01277234232233,1.8169095e-07
0.05910224438903,33446.67901772253,888.4921479254193,-368.60194673395466,0.10136143695699,3.426376e-08,0.88586543335023,0.0,2.350114e-08,0.14292636874358,5.3586384e-07,8.74973e-09,5.648e-10,0.01277233799029,1.8875923e-07
0.05935162094763,33872.0085174222,892.3955624372418,-363.65711773833056,0.10136140275287,3.619958e-08,0.88586543335023,0.0,2.471168e-08,0.14411079118676,5.6347836e-07,9.37203e-09,5.861e-10,0.01277233342647,1.9612269e-07
0.05960099750623,34301.91869111195,896.3078394701363,-358.7099018117624,0.10136136677542,3.825182e-08,0.88586543335023,0.0,2.598832e-08,0.14530286446971,5.9257518e-07,1.003945e-08,6.084e-10,0.01277232861859,2.037926e-07
0.05985037406484,34736.366382374355,900.228186394261,-353.76206138569995,0.10136132893424,4.04274e-08,0.88586543335023,0.0,2.73346e-08,0.14650240061811,6.2323232e-07,1.075517e-08,6.3175e-10,0.01277232355381,2.1178047e-07
0.06009975062344,35175.31109991421,904.1559786730575,-348.81455931120297,0.1013612891349,4.273361e-08,0.88586543335023,0.0,2.875425e-08,0.14770920243842,6.5553142e-07,1.152263e-08,6.562e-10,0.01277231821872,2.2009805e-07
0.06034912718204,35618.72267851958,908.0905818880744,-343.8679046530683,0.10136124727898,4.51781e-08,0.88586543335023,0.0,3.025116e-08,0.14892312389223,6.8955767e-07,1.234545e-08,6.8182e-10,0.0127723125993,2.2875729e-07
0.06059850374065,36066.60848082099,912.0317833189056,-338.9225482271701,0.10136120326398,4.776895e-08,0.88586543335023,0.0,3.182941e-08,0.15014411131254,7.2540001e-07,1.32275e-08,7.0867e-10,0.01277230668092,2.3777034e-07
0.06084788029925,36518.981630694,915.9793915879912,-333.9786620678891,0.10136115698322,5.051461e-08,0.88586543335023,0.0,3.349324e-08,0.15137213313433,7.6315112e-07,1.417291e-08,7.368e-10,0.01277230044835,2.4714952e-07
0.06109725685786,36975.86780370708,919.9333432096566,-329.0363385236292,0.10136110832587,5.342397e-08,0.88586543335023,0.0,3.524707e-08,0.1526071896467,8.0290751e-07,1.518606e-08,7.663e-10,0.01277229388571,2.5690728e-07
0.06134663341646,37437.2986688808,923.8936225525808,-324.09560585466926,0.10136105717687,5.650635e-08,0.88586543335023,0.0,3.709553e-08,0.15384929784403,8.447695e-07,1.627162e-08,7.9722e-10,0.01277228697649,2.670562e-07
0.06159600997506,37903.3083111704,927.8602355661999,-319.1564529343349,0.10136100341696,5.977148e-08,0.88586543335023,0.0,3.904339e-08,0.15509848050438,8.8884131e-07,1.743451e-08,8.2964e-10,0.01277227970357,2.776089e-07
0.06184538653367,38373.932182914585,931.8331987223859,-314.2188669206872,0.10136094692269,6.322958e-08,0.88586543335023,0.0,4.109565e-08,0.15635476350394,9.3523101e-07,1.867998e-08,8.6365e-10,0.01277227204916,2.8857804e-07
0.06209476309227,38849.20474323766,935.8125191972405,-309.2828438469551,0.1013608875665,6.689127e-08,0.88586543335023,0.0,4.325746e-08,0.15761816943871,9.8405049e-07,2.001358e-08,8.9932e-10,0.01277226399487,2.9997629e-07
0.06234413965087,39329.15871482799,939.7981893022172,-304.34840002350336,0.10136082521676,7.076767e-08,0.88586543335023,0.0,4.553417e-08,0.15888871569282,1.03541542e-06,2.144115e-08,9.3673e-10,0.01277225552166,3.1181621e-07
0.06259351620948,39813.82491650165,943.790185639816,-299.41557277459526,0.10136075973795,7.487032e-08,0.88586543335023,0.0,4.793129e-08,0.16016641411704,1.08944516e-06,2.296889e-08,9.7598e-10,0.01277224660991,3.2411026e-07
0.06284289276808,40303.23265861756,947.7884730263896,-294.48441467501135,0.10136069099079,7.921124e-08,0.88586543335023,0.0,5.045454e-08,0.16145127216707,1.14626261e-06,2.460334e-08,1.01716e-09,0.01277223723939,3.368707e-07
0.06309226932668,40797.41053488347,951.7930114089485,-289.5549856438411,0.10136061883247,8.38029e-08,0.88586543335023,0.0,5.310976e-08,0.16274329505294,1.20599405e-06,2.635137e-08,1.06035e-09,0.01277222738933,3.5010952e-07
0.06334164588529,41296.38718096881,955.803762220162,-284.62734398169545,0.1013605431169,8.865819e-08,0.88586543335023,0.0,5.590299e-08,0.16404248774404,1.26876897e-06,2.822022e-08,1.10567e-09,0.01277221703844,3.6383839e-07
0.06359102244389,41800.192038159315,959.820694420134,-279.7015398285618,0.10136046369499,9.379046e-08,0.88586543335023,0.0,5.884038e-08,0.16534885694669,1.33471976e-06,3.02175e-08,1.1532e-09,0.01277220616493,3.7806855e-07
0.06384039900249,42308.85596992658,963.8437891492225,-274.7776104796974,0.1013603804151,9.921345e-08,0.88586543335023,0.0,6.192824e-08,0.16666241264337,1.40398145e-06,3.235117e-08,1.20306e-09,0.01277219474658,3.9281072e-07
0.0640897755611,42822.41158836182,967.8730419359856,-269.8555762252835,0.10136029312337,1.0494132e-07,0.88586543335023,0.0,6.517299e-08,0.16798316884059,1.47669133e-06,3.462959e-08,1.25535e-09,0.01277218276079,4.0807504e-07
0.0643391521197,43340.89342086984,971.908463490226,-264.9354384555836,0.1013602016643,1.1098857e-07,0.88586543335023,0.0,6.858114e-08,0.16931114390083,1.55298849e-06,3.706149e-08,1.31019e-09,0.01277217018468,4.2387091e-07
0.0645885286783,43864.3381069896,975.9500806392447,-260.0171829307671,0.10136010588135,1.1737005e-07,0.88586543335023,0.0,7.215928e-08,0.17064636094993,1.63301338e-06,3.965596e-08,1.36768e-09,0.01277215699514,4.4020694e-07
0.06483790523691,44392.78445696369,979.9979361619264,-255.10078003452867,0.10136000561759,1.2410089e-07,0.88586543335023,0.0,7.591405e-08,0.1719888479224,1.71690712e-06,4.242251e-08,1.42795e-09,0.01277214316891,4.5709076e-07
0.06508728179551,44926.27581525498,984.052106096928,-250.1861549435151,0.10135990071645,1.3119647e-07,0.88586543335023,0.0,7.985212e-08,0.17333864341978,1.80481092e-06,4.537099e-08,1.4911e-09,0.01277212868276,4.7452896e-07
0.06533665835411,45464.87364324018,988.1128014934202,-245.27307451138796,0.10135979102263,1.3867237e-07,0.88586543335023,0.0,8.398012e-08,0.17469583045949,1.89686528e-06,4.851167e-08,1.55727e-09,0.01277211351353,4.925269e-07
0.06558603491272,46008.688608743905,992.180592170656,-240.36088254687553,0.10135967638302,1.4654426e-07,0.88586543335023,0.0,8.830464e-08,0.17606061389196,1.99320915e-06,5.185516e-08,1.62657e-09,0.01277209763833,5.1108864e-07
0.06583541147132,46557.910146874376,996.2566160900712,-235.44825153953377,0.10135955664791,1.5482785e-07,0.88586543335023,0.0,9.283217e-08,0.17743339078425,2.09397893e-06,5.541241e-08,1.69912e-09,0.01277208103468,5.302167e-07
0.06608478802993,47112.76277942716,1000.3422182918896,-230.5335552514386,0.10135943167229,1.6353876e-07,0.88586543335023,0.0,9.756905e-08,0.17881464126835,2.19930741e-06,5.919457e-08,1.77505e-09,0.01277206368067,5.4991197e-07
0.06633416458853,47673.35523681059,1004.4375873402882,-225.61622286915187,0.10135930131728,1.726924e-07,0.88586543335023,0.0,1.0252142e-07,0.18020459960354,2.3093226e-06,6.32129e-08,1.85448e-09,0.0127720455552,5.701735e-07
0.06658354114713,48239.641616147295,1008.5418104840132,-220.69700410289397,0.10135916545137,1.8230392e-07,0.88586543335023,0.0,1.0769518e-07,0.18160311088194,2.42414654e-06,6.74788e-08,1.93752e-09,0.01277202663812,5.9099833e-07
0.06683291770574,48811.54923393937,1012.6540246238872,-215.7769375186871,0.10135902395199,1.9238807e-07,0.88586543335023,0.0,1.1309589e-07,0.18300991789945,2.54389385e-06,7.200384e-08,2.02429e-09,0.0127720069105,6.1238135e-07
0.06708229426434,49389.04057889013,1016.7736378563028,-210.8567273458831,0.1013588767072,2.0295906e-07,0.88586543335023,0.0,1.1872872e-07,0.18442485412677,2.66867021e-06,7.679969e-08,2.11491e-09,0.01277198635488,6.3431511e-07
0.06733167082294,49972.11827170351,1020.9003584109336,-205.93671108773316,0.10135872361755,2.1403045e-07,0.88586543335023,0.0,1.2459837e-07,0.18584785325303,2.79857067e-06,8.187807e-08,2.20949e-09,0.01277196495552,6.5678965e-07
0.06758104738155,50560.80899890389,1025.0340700385916,-201.01701792865805,0.10135856459818,2.2561493e-07,0.88586543335023,0.0,1.3070899e-07,0.18727890838592,2.93367787e-06,8.725064e-08,2.30813e-09,0.01277194269872,6.7979232e-07
0.06783042394015,51155.1490941277,1029.174725154321,-196.0976937782899,0.10135839958092,2.3772413e-07,0.88586543335023,0.0,1.3706407e-07,0.18871803605824,3.07406007e-06,9.292892e-08,2.41092e-09,0.01277191957312,7.033076e-07
0.06807980049875,51755.17727421982,1033.3222921650413,-191.17876513890712,0.1013582285167,2.5036847e-07,0.88586543335023,0.0,1.4366639e-07,0.19016525828993,3.21976907e-06,9.892418e-08,2.51797e-09,0.01277189557007,7.2731693e-07
0.06832917705736,52360.9319211363,1037.4767362430125,-186.26026202585015,0.10135805137792,2.6355686e-07,0.88586543335023,0.0,1.5051784e-07,0.19162059597251,3.37083806e-06,1.052473e-07,2.62934e-09,0.01277187068394,7.5179851e-07
0.06857855361596,52972.45029248522,1041.6380141366517,-181.3422240045375,0.10135786816098,2.7729657e-07,0.88586543335023,0.0,1.576194e-07,0.19308406699962,3.52727928e-06,1.1190869e-07,2.74511e-09,0.01277184491255,7.7672719e-07
0.06882793017456,53589.7683044489,1045.8060731437913,-176.42470149308232,0.10135767888896,2.9159289e-07,0.88586543335023,0.0,1.6497096e-07,0.19455568579016,3.68908168e-06,1.1891812e-07,2.86533e-09,0.01277181825754,8.0207427e-07
0.06907730673317,54212.92039836443,1049.9808506167888,-171.50775627660647,0.10135748361445,3.0644895e-07,0.88586543335023,0.0,1.7257125e-07,0.19603546303609,3.85620833e-06,1.2628459e-07,2.99005e-09,0.01277179072477,8.278074e-07
0.06932668329177,54841.93938474634,1054.1622732179794,-166.59146215783295,0.10135728242241,3.2186536e-07,0.88586543335023,0.0,1.8041765e-07,0.1975234054273,4.02859374e-06,1.3401615e-07,3.11927e-09,0.01277176232479,8.538904e-07
0.06957605985037,55476.85625480727,1058.3502560427246,-161.6759058070227,0.10135707543314,3.3784001e-07,0.88586543335023,0.0,1.8850615e-07,0.19901951529917,4.20614125e-06,1.4211972e-07,3.25302e-09,0.01277173307327,8.8028321e-07
0.06982543640898,56117.69995747968,1062.544701666498,-156.7611878109845,0.10135686280521,3.543677e-07,0.88586543335023,0.0,1.9683114e-07,0.20052379018868,4.38872031e-06,1.5060093e-07,3.39127e-09,0.01277170299143,9.0694178e-07
0.07007481296758,56764.49713817011,1066.7454990439207,-151.84742393733484,0.1013566447384,3.714399e-07,0.88586543335023,0.0,2.0538534e-07,0.20203622230255,4.57616374e-06,1.5946391e-07,3.53397e-09,0.01277167210649,9.3381803e-07
0.07032418952618,57417.271833836116,1070.9525221208887,-146.93474663544694,0.10135642147674,3.8904439e-07,0.88586543335023,0.0,2.1415961e-07,0.20355679790897,4.76826497e-06,1.6871104e-07,3.68107e-09,0.01277164045214,9.6085981e-07
0.07057356608479,58076.045108181,1075.1656280299678,-142.02330688002536,0.10135619331147,4.0716495e-07,0.88586543335023,0.0,2.2314289e-07,0.20508549662541,4.9647753e-06,1.7834278e-07,3.83247e-09,0.012771608069,9.8801092e-07
0.07082294264339,58740.8346133488,1079.3846550453643,-137.1132764394358,0.10135596058377,4.2578107e-07,0.88586543335023,0.0,2.32322e-07,0.20662229052827,5.16540131e-06,1.8835741e-07,3.98804e-09,0.01277157500501,1.01521116e-06
0.071072319202,59411.65406496619,1083.609420017274,-132.20485063599995,0.1013557236875,4.4486763e-07,0.88586543335023,0.0,2.4168157e-07,0.20816714309961,5.36980236e-06,1.9875079e-07,4.14761e-09,0.01277154131588,1.04239643e-06
0.0713216957606,60088.512605476375,1087.8397152090165,-127.29825174166386,0.10135548307156,4.6439459e-07,0.88586543335023,0.0,2.5120389e-07,0.20972000794831,5.5775883e-06,2.0951611e-07,4.311e-09,0.01277150706546,1.06949887e-06
0.0715710723192,60771.41403968298,1092.0753047383107,-122.39373307674916,0.10135523924204,4.843267e-07,0.88586543335023,0.0,2.6086885e-07,0.21128082722334,5.78831741e-06,2.2064367e-07,4.47796e-09,0.01277147232607,1.09644706e-06
0.07182044887781,61460.35590731608,1096.3159199476056,-117.49158401273696,0.10135499276409,5.0462328e-07,0.88586543335023,0.0,2.7065382e-07,0.21284952974118,6.00149467e-06,2.3212061e-07,4.64822e-09,0.01277143717881,1.12316628e-06
0.07206982543641,62155.32832199321,1100.5612538389119,-112.59213631086482,0.10135474426331,5.2523792e-07,0.88586543335023,0.0,2.8053355e-07,0.2144260285763,6.21657026e-06,2.4393066e-07,4.82145e-09,0.01277140171379,1.14957884e-06
0.07231920199501,62856.31256479616,1104.8109536641452,-107.69577177609264,0.10135449442683,5.4611832e-07,0.88586543335023,0.0,2.9048017e-07,0.21601021827648,6.43293851e-06,2.5605392e-07,4.99729e-09,0.01277136603031,1.17560441e-06
0.07256857855362,63563.279335970044,1109.064612798887,-102.80293180084668,0.10135424400331,5.6720612e-07,0.88586543335023,0.0,3.0046314e-07,0.21760197118085,6.64993775e-06,2.6846663e-07,5.17532e-09,0.01277133023694,1.20116057e-06
0.07281795511222,64276.186586112955,1113.321759583397,-97.91412920473007,0.10135399380293,5.8843677e-07,0.88586543335023,0.0,3.1044922e-07,0.21920113306042,6.86685007e-06,2.8114097e-07,5.35507e-09,0.01277129445147,1.22616328e-06
0.07306733167082,64994.9768351635,1117.5818444810925,-93.0299628481122,0.10135374469608,6.0973952e-07,0.88586543335023,0.0,3.2040253e-07,0.2208075175526,7.08290249e-06,2.9404484e-07,5.53601e-09,0.01277125880082,1.25052749e-06
0.07331670822943,65719.57366739683,1121.8442221667544,-88.15113692163783,0.10135349761164,6.3103736e-07,0.88586543335023,0.0,3.3028459e-07,0.22242089905597,7.29726818e-06,3.0714175e-07,5.71757e-09,0.0127712234208,1.27416787e-06
0.07356608478803,66449.87727591193,1126.10812990723,-83.27848543966964,0.10135325353379,6.5224721e-07,0.88586543335023,0.0,3.4005446e-07,0.22404100348076,7.50906932e-06,3.2039066e-07,5.89911e-09,0.01277118845566,1.29699956e-06
0.07381546134663,67185.7587602625,1130.3726585669351,-78.4130035355542,0.10135301349852,6.7327998e-07,0.88586543335023,0.0,3.4966882e-07,0.22566749668671,7.71738001e-06,3.3374588e-07,6.07994e-09,0.01277115405763,1.318939e-06
0.07406483790524,67927.05246561479,1134.6367149737982,-73.55588976465795,0.10135277858795,6.9404094e-07,0.88586543335023,0.0,3.5908224e-07,0.22729996861627,7.9212313e-06,3.4715705e-07,6.2593e-09,0.01277112038606,1.33990493e-06
0.07431421446384,68673.54613807122,1138.8989724211672,-68.70860013166293,0.10135254992451,7.1443001e-07,0.88586543335023,0.0,3.6824741e-07,0.22893791321985,8.11961633e-06,3.6056911e-07,6.43638e-09,0.01277108760667,1.35981936e-06
0.07456359102244,69424.96747427461,1143.1578042167969,-63.87292222660083,0.10135232866267,7.3434229e-07,0.88586543335023,0.0,3.7711544e-07,0.23058070070503,8.31149779e-06,3.7392235e-07,6.61029e-09,0.01277105589023,1.37860871e-06
0.07481296758105,70180.96545001352,1147.41118975353,-59.05107842307398,0.10135211598004,7.5366862e-07,0.88586543335023,0.0,3.8563627e-07,0.23222753926074,8.49581593e-06,3.8715248e-07,6.7801e-09,0.01277102541136,1.39620497e-06
0.07506234413965,70941.08455342297,1151.6565859857085,-54.2458681379052,0.10135191306607,7.7229629e-07,0.88586543335023,0.0,3.9375916e-07,0.2338774220605,8.67149897e-06,4.0019076e-07,6.94482e-09,0.01277099634673,1.41254698e-06
0.07531172069825,71704.72694965775,1155.8907376280335,-49.4608777697367,0.10135172110927,7.901099e-07,0.88586543335023,0.0,4.0143324e-07,0.23552904935213,8.83747499e-06,4.1296411e-07,7.10338e-09,0.01277096887319,1.42758171e-06
0.07556109725686,72471.097882784,1160.1094033821691,-44.70078322355048,0.10135154128171,8.0699232e-07,0.88586543335023,0.0,4.086082e-07,0.23718071611941,8.9926866e-06,4.2539521e-07,7.25466e-09,0.01277094316534,1.44126574e-06
0.07581047381546,73239.12364687992,1164.3069446364052,-39.97180501643121,0.10135137472136,8.2282581e-07,0.88586543335023,0.0,4.1523516e-07,0.23883014314259,9.136108e-06,4.3740253e-07,7.39751e-09,0.01277091939275,1.45356665e-06
0.07605985037406,74007.3226400925,1168.4756767274666,-35.28242546568541,0.10135122251041,8.3749334e-07,0.88586543335023,0.0,4.2126772e-07,0.24047421132608,9.26676653e-06,4.4890002e-07,7.53072e-09,0.01277089771644,1.46446459e-06
0.07630922693267,74773.59703606823,1172.6048205672023,-30.64454879406294,0.10135108564851,8.5088009e-07,0.88586543335023,0.0,4.2666335e-07,0.242108532068,9.38377002e-06,4.5979639e-07,7.65305e-09,0.01277087828446,1.47395391e-06
0.07655860349127,75534.86377418814,1176.6786371324947,-26.07556627012881,0.10135096501852,8.6287555e-07,0.88586543335023,0.0,4.3138519e-07,0.24372668501393,9.48634312e-06,4.6999319e-07,7.76326e-09,0.01277086122601,1.48204494e-06
0.07680798004988,76286.37408779623,1180.6729819121374,-21.60217101277185,0.10135086133857,8.7337649e-07,0.88586543335023,0.0,4.3540475e-07,0.24531881101759,9.57387914e-06,4.7938142e-07,7.86015e-09,0.01277084664313,1.48876612e-06
0.07705735660848,77020.47556075161,1184.549047961338,-17.26728490441323,0.10135077508935,8.8229244e-07,0.88586543335023,0.0,4.3870582e-07,0.24686905417899,9.64601812e-06,4.8783639e-07,7.94263e-09,0.01277083459827,1.49416675e-06
0.07730673316708,77724.59235320274,1188.2432249337603,-13.14128181753644,0.10135070639884,8.8955614e-07,0.88586543335023,0.0,4.4129031e-07,0.24835140046588,9.70276493e-06,4.9521338e-07,8.00984e-09,0.01277082509535,1.49832098e-06
0.07755610972569,78378.73445699141,1191.6547911861098,-9.33556971024323,0.10135065486126,8.9514309e-07,0.88586543335023,0.0,4.4318636e-07,0.24972458025635,9.74465992e-06,5.0135199e-07,8.06141e-09,0.01277081805206,1.50133367e-06
0.07780548628429,78954.14918854846,1194.639692122919,-6.00940427039981,0.10135061929547,8.9910236e-07,0.88586543335023,0.0,4.4445758e-07,0.2509293878122,9.77298069e-06,5.0610224e-07,8.09775e-09,0.01277081326637,1.50334732e-06
0.07805486284289,79416.167642001,1197.0255854154825,-3.35313392562119,0.10135059751016,9.0159378e-07,0.88586543335022,0.0,4.4520908e-07,0.25189468402822,9.78989546e-06,5.0938477e-07,8.12041e-09,0.01277081038946,1.50454666e-06
0.0783042394015,79734.2627558876,1198.6627407818523,-1.53174941472966,0.10135058624899,9.0291264e-07,0.88586543335023,0.0,4.4558302e-07,0.25255820783606,9.7984058e-06,5.1128196e-07,8.13228e-09,0.01277080893147,1.50515362e-06
0.0785536159601,79901.59886403085,1199.5222221328922,-0.57595626335062,0.10135058155017,9.0346987e-07,0.88586543335023,0.0,4.4573539e-07,0.25290690215214,9.8018975e-06,5.1212502e-07,8.13726e-09,0.01277080833044,1.50540412e-06
0.0788029925187,79964.34673343357,1199.8442280817892,-0.21795121641527,0.10135057980691,9.036763e-07,0.88586543335023,0.0,4.4579212e-07,0.25303758686762,9.80319596e-06,5.124354e-07,8.13911e-09,0.01277080810707,1.5054969e-06
0.07905236907731,79987.99820468301,1199.9655636359864,-0.08308837693172,0.10135057914056,9.0375525e-07,0.88586543335023,0.0,4.458138e-07,0.25308683543942,9.8036922e-06,5.1255411e-07,8.13982e-09,0.0127708080217,1.50553234e-06
0.07930174563591,79997.06298742064,1200.0120616797176,-0.03140843494857,0.10135057888748,9.0378528e-07,0.88586543335023,0.0,4.4582201e-07,0.2531057092453,9.80388034e-06,5.1259947e-07,8.14009e-09,0.01277080798932,1.50554578e-06
0.07955112219451,80000.53443646985,1200.029867743605,-0.0116183850267,0.10135057879274,9.0379655e-07,0.88586543335023,0.0,4.4582507e-07,0.25311293694461,9.80395056e-06,5.1261664e-07,8.14019e-09,0.01277080797722,1.50555079e-06
0.07980049875312,80001.83831906957,1200.0365556154336,-0.00418539716265,0.10135057875814,9.0380068e-07,0.88586543335023,0.0,4.4582618e-07,0.25311565165118,9.80397612e-06,5.1262298e-07,8.14023e-09,0.01277080797282,1.50555262e-06
0.08004987531172,80002.31482389155,1200.0389996867668,-0.00146902354262,0.10135057874583,9.0380215e-07,0.88586543335023,0.0,4.4582658e-07,0.25311664373849,9.80398519e-06,5.1262526e-07,8.14024e-09,0.01277080797125,1.50555327e-06
0.08029925187032,80002.48404599827,1200.0398676525658,-0.00050436278374,0.10135057874156,9.0380267e-07,0.88586543335023,0.0,4.4582671e-07,0.2531169960599,9.80398833e-06,5.1262605e-07,8.14025e-09,0.01277080797071,1.5055535e-06
0.08054862842893,80002.54267427127,1200.0401683655791,-0.00017014436359,0.10135057874011,9.0380284e-07,0.88586543335023,0.0,4.4582676e-07,0.25311711812424,9.80398939e-06,5.1262633e-07,8.14025e-09,0.01277080797053,1.50555357e-06
0.08079800498753,80002.56259536713,1200.0402705437666,-5.658403877e-05,0.10135057873962,9.038029e-07,0.88586543335023,0.0,4.4582677e-07,0.25311715960005,9.80398975e-06,5.1262642e-07,8.14025e-09,0.01277080797046,1.5055536e-06
0.08104738154613,80002.56925863952,1200.0403047206507,-1.859909619e-05,0.10135057873946,9.0380292e-07,0.88586543335023,0.0,4.4582678e-07,0.25311717347302,9.80398986e-06,5.1262645e-07,8.14025e-09,0.01277080797044,1.50555361e-06
0.08129675810474,80002.57146011597,1200.0403160123392,-6.04936498e-06,0.10135057873941,9.0380292e-07,0.88586543335023,0.0,4.4582678e-07,0.2531171780565,9.8039899e-06,5.1262646e-07,8.14025e-09,0.01277080797044,1.50555361e-06
0.08154613466334,80002.57217974371,1200.0403197034132,-1.94721173e-06,0.10135057873939,9.0380293e-07,0.88586543335023,0.0,4.4582678e-07,0.25311717955477,9.80398992e-06,5.1262646e-07,8.14025e-09,0.01277080797043,1.50555361e-06
0.08179551122195,80002.57241261395,1200.0403208978382,-6.1960709e-07,0.10135057873939,9.0380293e-07,0.88586543335023,0.0,4.4582678e-07,0.25311718003961,9.80398992e-06,5.1262646e-07,8.14025e-09,0.01277080797043,1.50555361e-06
0.08204488778055,80002.57248731515,1200.0403212809915,-1.9371759e-07,0.10135057873938,9.0380293e-07,0.88586543335023,0.0,4.4582678e-07,0.25311718019513,9.80398992e-06,5.1262646e-07,8.14025e-09,0.01277080797043,1.50555361e-06
0.08229426433915,80002.57251105299,1200.0403214027456,-5.826656e-08,0.10135057873938,9.0380293e-07,0.88586543335023,0.0,4.4582678e-07,0.25311718024456,9.80398992e-06,5.1262646e-07,8.14025e-09,0.01277080797043,1.50555361e-06
0.08254364089776,80002.57251843251,1200.0403214405967,-1.610499e-08,0.10135057873938,9.0380293e-07,0.88586543335023,0.0,4.4582678e-07,0.25311718025992,9.80398992e-06,5.1262646e-07,8.14025e-09,0.01277080797043,1.50555361e-06
0.08279301745636,80002.57252056872,1200.0403214515538,-3.84615e-09,0.10135057873938,9.0380293e-07,0.88586543335023,0.0,4.4582678e-07,0.25311718026437,9.80398992e-06,5.1262646e-07,8.14025e-09,0.01277080797043,1.50555361e-06
0.08304239401496,80002.57252106768,1200.0403214541122,-1.36858e-09,0.10135057873938,9.0380293e-07,0.88586543335023,0.0,4.4582678e-07,0.25311718026541,9.80398992e-06,5.1262646e-07,8.14025e-09,0.01277080797043,1.50555361e-06
0.08329177057357,80002.57252113728,1200.0403214544694,-1.01937e-09,0.10135057873938,9.0380293e-07,0.88586543335023,0.0,4.4582678e-07,0.25311718026555,9.80398992e-06,5.1262646e-07,8.14025e-09,0.01277080797043,1.50555361e-06
0.08354114713217,80002.57252120078,1200.040321454796,-6.4183e-10,0.10135057873938,9.0380293e-07,0.88586543335023,0.0,4.4582678e-07,0.25311718026568,9.80398992e-06,5.1262646e-07,8.14025e-09,0.01277080797043,1.50555361e-06
0.08379052369077,80002.57252126923,1200.0403214551463,-2.466e-10,0.10135057873938,9.0380293e-07,0.88586543335023,0.0,4.4582678e-07,0.25311718026583,9.80398992e-06,5.1262646e-07,8.14025e-09,0.01277080797043,1.50555361e-06
0.08403990024938,80002.5725213071,1200.0403214553414,-3.222e-11,0.10135057873938,9.0380293e-07,0.88586543335023,0.0,4.4582678e-07,0.25311718026591,9.80398992e-06,5.1262646e-07,8.14025e-09,0.01277080797043,1.50555361e-06
0.08428927680798,80002.5725213128,1200.04032145537,-2.26e-12,0.10135057873938,9.0380293e-07,0.88586543335023,0.0,4.4582678e-07,0.25311718026592,9.80398992e-06,5.1262646e-07,8.14025e-09,0.01277080797043,1.50555361e-06
0.08453865336658,80002.57252131292,1200.0403214553703,-1.38e-12,0.10135057873938,9.0380293e-07,0.88586543335023,0.0,4.4582678e-07,0.25311718026592,9.80398992e-06,5.1262646e-07,8.14025e-09,0.01277080797043,1.50555361e-06
0.08478802992519,80002.572521313,1200.0403214553708,-1.22e-12,0.10135057873938,9.0380293e-07,0.88586543335023,0.0,4.4582678e-07,0.25311718026592,9.80398992e-06,5.1262646e-07,8.14025e-09,0.01277080797043,1.50555361e-06
0.08503740648379,80002.57252131311,1200.0403214553717,-5.5e-13,0.10135057873938,9.0380293e-07,0.88586543335023,0.0,4.4582678e-07,0.25311718026592,9.80398992e-06,5.1262646e-07,8.14025e-09,0.01277080797043,1.50555361e-06
0.08528678304239,80002.57252131318,1200.040321455372,-5e-14,0.10135057873938,9.0380293e-07,0.88586543335023,0.0,4.4582678e-07,0.25311718026592,9.80398992e-06,5.1262646e-07,8.14025e-09,0.01277080797043,1.50555361e-06
0.085536159601,80002.5725213132,1200.040321455372,0.0,0.10135057873938,9.0380293e-07,0.88586543335023,0.0,4.4582678e-07,0.25311718026592,9.80398992e-06,5.1262646e-07,8.14025e-09,0.01277080797043,1.50555361e-06
0.0857855361596,80002.5725213132,1200.040321455372,0.0,0.10135057873938,9.0380293e-07,0.88586543335023,0.0,4.4582678e-07,0.25311718026592,9.80398992e-06,5.1262646e-07,8.14025e-09,0.01277080797043,1.50555361e-06
0.0860349127182,80002.5725213132,1200.040321455372,0.0,0.10135057873938,9.0380293e-07,0.88586543335023,0.0,4.4582678e-07,0.25311718026592,9.80398992e-06,5.1262646e-07,8.14025e-09,0.01277080797043,1.50555361e-06
0.08628428927681,80002.5725213132,1200.040321455372,0.0,0.10135057873938,9.0380293e-07,0.88586543335023,0.0,4.4582678e-07,0.25311718026592,9.80398992e-06,5.1262646e-07,8.14025e-09,0.01277080797043,1.50555361e-06
0.08653366583541,80002.5725213132,1200.040321455372,0.0,0.10135057873938,9.0380293e-07,0.88586543335023,0.0,4.4582678e-07,0.25311718026592,9.80398992e-06,5.1262646e-07,8.14025e-09,0.01277080797043,1.50555361e-06
0.08678304239401,80002.5725213132,1200.040321455372,0.0,0.10135057873938,9.0380293e-07,0.88586543335023,0.0,4.4582678e-07,0.25311718026592,9.80398992e-06,5.1262646e-07,8.14025e-09,0.01277080797043,1.50555361e-06
0.08703241895262,80002.5725213132,1200.040321455372,0.0,0.10135057873938,9.0380293e-07,0.88586543335023,0.0,4.4582678e-07,0.25311718026592,9.80398992e-06,5.1262646e-07,8.14025e-09,0.01277080797043,1.50555361e-06
0.08728179551122,80002.5725213132,1200.040321455372,0.0,0.10135057873938,9.0380293e-07,0.88586543335023,0.0,4.4582678e-07,0.25311718026592,9.80398992e-06,5.1262646e-07,8.14025e-09,0.01277080797043,1.50555361e-06
0.08753117206983,80002.5725213132,1200.040321455372,0.0,0.10135057873938,9.0380293e-07,0.88586543335023,0.0,4.4582678e-07,0.25311718026592,9.80398992e-06,5.1262646e-07,8.14025e-09,0.01277080797043,1.50555361e-06
0.08778054862843,80002.5725213132,1200.040321455372,0.0,0.10135057873938,9.0380293e-07,0.88586543335023,0.0,4.4582678e-07,0.25311718026592,9.80398992e-06,5.1262646e-07,8.14025e-09,0.01277080797043,1.50555361e-06
0.08802992518703,80002.5725213132,1200.040321455372,0.0,0.10135057873938,9.0380293e-07,0.88586543335023,0.0,4.4582678e-07,0.25311718026592,9.80398992e-06,5.1262646e-07,8.14025e-09,0.01277080797043,1.50555361e-06
0.08827930174564,80002.5725213132,1200.040321455372,0.0,0.10135057873938,9.0380293e-07,0.88586543335023,0.0,4.4582678e-07,0.25311718026592,9.80398992e-06,5.1262646e-07,8.14025e-09,0.01277080797043,1.50555361e-06
0.08852867830424,80002.5725213132,1200.040321455372,0.0,0.10135057873938,9.0380293e-07,0.88586543335023,0.0,4.4582678e-07,0.25311718026592,9.80398992e-06,5.1262646e-07,8.14025e-09,0.01277080797043,1.50555361e-06
0.08877805486284,80002.5725213132,1200.040321455372,0.0,0.10135057873938,9.0380293e-07,0.88586543335023,0.0,4.4582678e-07,0.25311718026592,9.80398992e-06,5.1262646e-07,8.14025e-09,0.01277080797043,1.50555361e-06
0.08902743142145,80002.5725213132,1200.040321455372,0.0,0.10135057873938,9.0380293e-07,0.88586543335023,0.0,4.4582678e-07,0.25311718026592,9.80398992e-06,5.1262646e-07,8.14025e-09,0.01277080797043,1.50555361e-06
0.08927680798005,80002.5725213132,1200.040321455372,0.0,0.10135057873938,9.0380293e-07,0.88586543335023,0.0,4.4582678e-07,0.25311718026592,9.80398992e-06,5.1262646e-07,8.14025e-09,0.01277080797043,1.50555361e-06
0.08952618453865,80002.5725213132,1200.040321455372,0.0,0.10135057873938,9.0380293e-07,0.88586543335023,0.0,4.4582678e-07,0.25311718026592,9.80398992e-06,5.1262646e-07,8.14025e-09,0.01277080797043,1.50555361e-06
0.08977556109726,80002.5725213132,1200.040321455372,0.0,0.10135057873938,9.0380293e-07,0.88586543335023,0.0,4.4582678e-07,0.25311718026592,9.80398992e-06,5.1262646e-07,8.14025e-09,0.01277080797043,1.50555361e-06
0.09002493765586,80002.5725213132,1200.040321455372,0.0,0.10135057873938,9.0380293e-07,0.88586543335023,0.0,4.4582678e-07,0.25311718026592,9.80398992e-06,5.1262646e-07,8.14025e-09,0.01277080797043,1.50555361e-06
0.09027431421446,80002.5725213132,1200.040321455372,0.0,0.10135057873938,9.0380293e-07,0.88586543335023,0.0,4.4582678e-07,0.25311718026592,9.80398992e-06,5.1262646e-07,8.14025e-09,0.01277080797043,1.50555361e-06
0.09052369077307,80002.5725213132,1200.040321455372,0.0,0.10135057873938,9.0380293e-07,0.88586543335023,0.0,4.4582678e-07,0.25311718026592,9.80398992e-06,5.1262646e-07,8.14025e-09,0.01277080797043,1.50555361e-06
0.09077306733167,80002.5725213132,1200.040321455372,0.0,0.10135057873938,9.0380293e-07,0.88586543335023,0.0,4.4582678e-07,0.25311718026592,9.80398992e-06,5.1262646e-07,8.14025e-09,0.01277080797043,1.50555361e-06
0.09102244389027,80002.5725213132,1200.040321455372,0.0,0.10135057873938,9.0380293e-07,0.88586543335023,0.0,4.4582678e-07,0.25311718026592,9.80398992e-06,5.1262646e-07,8.14025e-09,0.01277080797043,1.50555361e-06
0.09127182044888,80002.5725213132,1200.040321455372,0.0,0.10135057873938,9.0380293e-07,0.88586543335023,0.0,4.4582678e-07,0.25311718026592,9.80398992e-06,5.1262646e-07,8.14025e-09,0.01277080797043,1.50555361e-06
0.09152119700748,80002.5725213132,1200.040321455372,0.0,0.10135057873938,9.0380293e-07,0.88586543335023,0.0,4.4582678e-07,0.25311718026592,9.80398992e-06,5.1262646e-07,8.14025e-09,0.01277080797043,1.50555361e-06
0.09177057356608,80002.5725213132,1200.040321455372,0.0,0.10135057873938,9.0380293e-07,0.88586543335023,0.0,4.4582678e-07,0.25311718026592,9.80398992e-06,5.1262646e-07,8.14025e-09,0.01277080797043,1.50555361e-06
0.09201995012469,80002.5725213132,1200.040321455372,0.0,0.10135057873938,9.0380293e-07,0.88586543335023,0.0,4.4582678e-07,0.25311718026592,9.80398992e-06,5.1262646e-07,8.14025e-09,0.01277080797043,1.50555361e-06
0.09226932668329,80002.5725213132,1200.040321455372,0.0,0.10135057873938,9.0380293e-07,0.88586543335023,0.0,4.4582678e-07,0.25311718026592,9.80398992e-06,5.1262646e-07,8.14025e-09,0.01277080797043,1.50555361e-06
0.0925187032419,80002.5725213132,1200.040321455372,0.0,0.10135057873938,9.0380293e-07,0.88586543335023,0.0,4.4582678e-07,0.25311718026592,9.80398992e-06,5.1262646e-07,8.14025e-09,0.01277080797043,1.50555361e-06
0.0927680798005,80002.5725213132,1200.040321455372,0.0,0.10135057873938,9.0380293e-07,0.88586543335023,0.0,4.4582678e-07,0.25311718026592,9.80398992e-06,5.1262646e-07,8.14025e-09,0.01277080797043,1.50555361e-06
0.0930174563591,80002.5725213132,1200.040321455372,0.0,0.10135057873938,9.0380293e-07,0.88586543335023,0.0,4.4582678e-07,0.25311718026592,9.80398992e-06,5.1262646e-07,8.14025e-09,0.01277080797043,1.50555361e-06
0.09326683291771,80002.5725213132,1200.040321455372,0.0,0.10135057873938,9.0380293e-07,0.88586543335023,0.0,4.4582678e-07,0.25311718026592,9.80398992e-06,5.1262646e-07,8.14025e-09,0.01277080797043,1.50555361e-06
0.09351620947631,80002.5725213132,1200.040321455372,0.0,0.10135057873938,9.0380293e-07,0.88586543335023,0.0,4.4582678e-07,0.25311718026592,9.80398992e-06,5.1262646e-07,8.14025e-09,0.01277080797043,1.50555361e-06
0.09376558603491,80002.5725213132,1200.040321455372,0.0,0.10135057873938,9.0380293e-07,0.88586543335023,0.0,4.4582678e-07,0.25311718026592,9.80398992e-06,5.1262646e-07,8.14025e-09,0.01277080797043,1.50555361e-06
0.09401496259352,80002.5725213132,1200.040321455372,0.0,0.10135057873938,9.0380293e-07,0.88586543335023,0.0,4.4582678e-07,0.25311718026592,9.80398992e-06,5.1262646e-07,8.14025e-09,0.01277080797043,1.50555361e-06
0.09426433915212,80002.5725213132,1200.040321455372,0.0,0.10135057873938,9.0380293e-07,0.88586543335023,0.0,4.4582678e-07,0.25311718026592,9.80398992e-06,5.1262646e-07,8.14025e-09,0.01277080797043,1.50555361e-06
0.09451371571072,80002.5725213132,1200.040321455372,0.0,0.10135057873938,9.0380293e-07,0.88586543335023,0.0,4.4582678e-07,0.25311718026592,9.80398992e-06,5.1262646e-07,8.14025e-09,0.01277080797043,1.50555361e-06
0.09476309226933,80002.5725213132,1200.040321455372,0.0,0.10135057873938,9.0380293e-07,0.88586543335023,0.0,4.4582678e-07,0.25311718026592,9.80398992e-06,5.1262646e-07,8.14025e-09,0.01277080797043,1.50555361e-06
0.09501246882793,80002.5725213132,1200.040321455372,0.0,0.10135057873938,9.0380293e-07,0.88586543335023,0.0,4.4582678e-07,0.25311718026592,9.80398992e-06,5.1262646e-07,8.14025e-09,0.01277080797043,1.50555361e-06
0.09526184538653,80002.5725213132,1200.040321455372,0.0,0.10135057873938,9.0380293e-07,0.88586543335023,0.0,4.4582678e-07,0.25311718026592,9.80398992e-06,5.1262646e-07,8.14025e-09,0.01277080797043,1.50555361e-06
0.09551122194514,80002.5725213132,1200.040321455372,0.0,0.10135057873938,9.0380293e-07,0.88586543335023,0.0,4.4582678e-07,0.25311718026592,9.80398992e-06,5.1262646e-07,8.14025e-09,0.01277080797043,1.50555361e-06
0.09576059850374,80002.5725213132,1200.040321455372,0.0,0.10135057873938,9.0380293e-07,0.88586543335023,0.0,4.4582678e-07,0.25311718026592,9.80398992e-06,5.1262646e-07,8.14025e-09,0.01277080797043,1.50555361e-06
0.09600997506234,80002.5725213132,1200.040321455372,0.0,0.10135057873938,9.0380293e-07,0.88586543335023,0.0,4.4582678e-07,0.25311718026592,9.80398992e-06,5.1262646e-07,8.14025e-09,0.01277080797043,1.50555361e-06
0.09625935162095,80002.5725213132,1200.040321455372,0.0,0.10135057873938,9.0380293e-07,0.88586543335023,0.0,4.4582678e-07,0.25311718026592,9.80398992e-06,5.1262646e-07,8.14025e-09,0.01277080797043,1.50555361e-06
0.09650872817955,80002.5725213132,1200.040321455372,0.0,0.10135057873938,9.0380293e-07,0.88586543335023,0.0,4.4582678e-07,0.25311718026592,9.80398992e-06,5.1262646e-07,8.14025e-09,0.01277080797043,1.50555361e-06
0.09675810473815,80002.5725213132,1200.040321455372,0.0,0.10135057873938,9.0380293e-07,0.88586543335023,0.0,4.4582678e-07,0.25311718026592,9.80398992e-06,5.1262646e-07,8.14025e-09,0.01277080797043,1.50555361e-06
0.09700748129676,80002.5725213132,1200.040321455372,0.0,0.10135057873938,9.0380293e-07,0.88586543335023,0.0,4.4582678e-07,0.25311718026592,9.80398992e-06,5.1262646e-07,8.14025e-09,0.01277080797043,1.50555361e-06
0.09725685785536,80002.5725213132,1200.040321455372,0.0,0.10135057873938,9.0380293e-07,0.88586543335023,0.0,4.4582678e-07,0.25311718026592,9.80398992e-06,5.1262646e-07,8.14025e-09,0.01277080797043,1.50555361e-06
0.09750623441397,80002.5725213132,1200.040321455372,0.0,0.10135057873938,9.0380293e-07,0.88586543335023,0.0,4.4582678e-07,0.25311718026592,9.80398992e-06,5.1262646e-07,8.14025e-09,0.01277080797043,1.50555361e-06
0.09775561097257,80002.5725213132,1200.040321455372,0.0,0.10135057873938,9.0380293e-07,0.88586543335023,0.0,4.4582678e-07,0.25311718026592,9.80398992e-06,5.1262646e-07,8.14025e-09,0.01277080797043,1.50555361e-06
0.09800498753117,80002.5725213132,1200.040321455372,0.0,0.10135057873938,9.0380293e-07,0.88586543335023,0.0,4.4582678e-07,0.25311718026592,9.80398992e-06,5.1262646e-07,8.14025e-09,0.01277080797043,1.50555361e-06
0.09825436408978,80002.5725213132,1200.040321455372,0.0,0.10135057873938,9.0380293e-07,0.88586543335023,0.0,4.4582678e-07,0.25311718026592,9.80398992e-06,5.1262646e-07,8.14025e-09,0.01277080797043,1.50555361e-06
0.09850374064838,80002.5725213132,1200.040321455372,0.0,0.10135057873938,9.0380293e-07,0.88586543335023,0.0,4.4582678e-07,0.25311718026592,9.80398992e-06,5.1262646e-07,8.14025e-09,0.01277080797043,1.50555361e-06
0.09875311720698,80002.5725213132,1200.040321455372,0.0,0.10135057873938,9.0380293e-07,0.88586543335023,0.0,4.4582678e-07,0.25311718026592,9.80398992e-06,5.1262646e-07,8.14025e-09,0.01277080797043,1.50555361e-06
0.09900249376559,80002.5725213132,1200.040321455372,0.0,0.10135057873938,9.0380293e-07,0.88586543335023,0.0,4.4582678e-07,0.25311718026592,9.80398992e-06,5.1262646e-07,8.14025e-09,0.01277080797043,1.50555361e-06
0.09925187032419,80002.5725213132,1200.040321455372,0.0,0.10135057873938,9.0380293e-07,0.88586543335023,0.0,4.4582678e-07,0.25311718026592,9.80398992e-06,5.1262646e-07,8.14025e-09,0.01277080797043,1.50555361e-06
0.09950124688279,80002.5725213132,1200.040321455372,0.0,0.10135057873938,9.0380293e-07,0.88586543335023,0.0,4.4582678e-07,0.25311718026592,9.80398992e-06,5.1262646e-07,8.14025e-09,0.01277080797043,1.50555361e-06
0.0997506234414,80002.5725213132,1200.040321455372,0.0,0.10135057873938,9.0380293e-07,0.88586543335023,0.0,4.4582678e-07,0.25311718026592,9.80398992e-06,5.1262646e-07,8.14025e-09,0.01277080797043,1.50555361e-06
0.1,80002.5725213132,1200.040321455372,0.0,0.10135057873938,9.0380293e-07,0.88586543335023,0.0,4.4582678e-07,0.25311718026592,9.80398992e-06,5.1262646e-07,8.14025e-09,0.01277080797043,1.50555361e-06
