x,Y_H2O,Y_H2,Y_O2,Y_H,Y_OH,Y_HO2,rho,u,T,Y_H2O2,Y_AR,Y_N2,Y_O,p
0.00029925187032,0.0,0.01277242777496,0.10136213887481,0.0,0.0,0.0,0.072,0.0,378.25198625988173,0.0,0.88586543335023,0.0,0.0,7172.999999999999
0.00059850374065,0.0,0.01277242777496,0.10136213887481,0.0,0.0,0.0,0.072,0.0,378.25198625988173,0.0,0.88586543335023,0.0,0.0,7172.999999999999
0.00089775561097,0.0,0.01277242777496,0.10136213887481,0.0,0.0,0.0,0.072,0.0,378.25198625988173,0.0,0.88586543335023,0.0,0.0,7172.999999999999
0.0011970074813,0.0,0.01277242777496,0.10136213887481,0.0,0.0,0.0,0.072,0.0,378.25198625988173,0.0,0.88586543335023,0.0,0.0,7172.999999999999
0.00149625935162,0.0,0.01277242777496,0.10136213887481,0.0,0.0,0.0,0.072,0.0,378.25198625988173,0.0,0.88586543335023,0.0,0.0,7172.999999999999
0.00179551122195,0.0,0.01277242777496,0.10136213887481,0.0,0.0,0.0,0.072,0.0,378.25198625988173,0.0,0.88586543335023,0.0,0.0,7172.999999999999
0.00209476309227,0.0,0.01277242777496,0.10136213887481,0.0,0.0,0.0,0.072,0.0,378.25198625988173,0.0,0.88586543335023,0.0,0.0,7172.999999999999
0.00239401496259,0.0,0.01277242777496,0.10136213887481,0.0,0.0,0.0,0.072,0.0,378.25198625988173,0.0,0.88586543335023,0.0,0.0,7172.999999999999
0.00269326683292,0.0,0.01277242777496,0.10136213887481,0.0,0.0,0.0,0.072,0.0,378.25198625988173,0.0,0.88586543335023,0.0,0.0,7172.999999999999
0.00299251870324,0.0,0.01277242777496,0.10136213887481,0.0,0.0,0.0,0.072,0.0,378.25198625988173,0.0,0.88586543335023,0.0,0.0,7172.999999999999
0.00329177057357,0.0,0.01277242777496,0.10136213887481,0.0,0.0,0.0,0.072,0.0,378.25198625988173,0.0,0.88586543335023,0.0,0.0,7172.999999999999
0.00359102244389,0.0,0.01277242777496,0.10136213887481,0.0,0.0,0.0,0.072,0.0,378.25198625988173,0.0,0.88586543335023,0.0,0.0,7172.999999999999
0.00389027431421,0.0,0.01277242777496,0.10136213887481,0.0,0.0,0.0,0.072,0.0,378.25198625988173,0.0,0.88586543335023,0.0,0.0,7172.999999999999
0.00418952618454,0.0,0.01277242777496,0.10136213887481,0.0,0.0,0.0,0.072,0.0,378.25198625988173,0.0,0.88586543335023,0.0,0.0,7172.999999999999
0.00448877805486,0.0,0.01277242777496,0.10136213887481,0.0,0.0,0.0,0.072,0.0,378.25198625988173,0.0,0.88586543335023,0.0,0.0,7172.999999999999
0.00478802992519,0.0,0.01277242777496,0.10136213887481,0.0,0.0,0.0,0.072,0.0,378.25198625988173,0.0,0.88586543335023,0.0,0.0,7172.999999999999
0.00508728179551,0.0,0.01277242777496,0.10136213887481,0.0,0.0,0.0,0.072,0.0,378.25198625988173,0.0,0.88586543335023,0.0,0.0,7172.999999999999
0.00538653366584,0.0,0.01277242777496,0.10136213887481,0.0,0.0,0.0,0.072,0.0,378.25198625988173,0.0,0.88586543335023,0.0,0.0,7172.999999999999
0.00568578553616,0.0,0.01277242777496,0.10136213887481,0.0,0.0,0.0,0.072,0.0,378.25198625988173,0.0,0.88586543335023,0.0,0.0,7172.999999999999
0.00598503740648,0.0,0.01277242777496,0.10136213887481,0.0,0.0,0.0,0.072,0.0,378.25198625988173,0.0,0.88586543335023,0.0,0.0,7172.999999999999
0.00628428927681,0.0,0.01277242777496,0.10136213887481,0.0,0.0,0.0,0.072,0.0,378.25198625988173,0.0,0.88586543335023,0.0,0.0,7172.999999999999
0.00658354114713,0.0,0.01277242777496,0.10136213887481,0.0,0.0,0.0,0.072,0.0,378.25198625988173,0.0,0.88586543335023,0.0,0.0,7172.999999999999
0.00688279301746,0.0,0.01277242777496,0.10136213887481,0.0,0.0,0.0,0.072,0.0,378.25198625988173,0.0,0.88586543335023,0.0,0.0,7172.999999999999
0.00718204488778,0.0,0.01277242777496,0.10136213887481,0.0,0.0,0.0,0.072,0.0,378.25198625988173,0.0,0.88586543335023,0.0,0.0,7172.999999999999
0.0074812967581,0.0,0.01277242777496,0.10136213887481,0.0,0.0,0.0,0.072,0.0,378.25198625988173,0.0,0.88586543335023,0.0,0.0,7172.999999999999
0.00778054862843,0.0,0.01277242777496,0.10136213887481,0.0,0.0,0.0,0.072,0.0,378.25198625988173,0.0,0.88586543335023,0.0,0.0,7172.999999999999
0.00807980049875,0.0,0.01277242777496,0.10136213887481,0.0,0.0,0.0,0.072,0.0,378.25198625988173,0.0,0.88586543335023,0.0,0.0,7172.999999999999
0.00837905236908,0.0,0.01277242777496,0.10136213887481,0.0,0.0,0.0,0.072,0.0,378.25198625988173,0.0,0.88586543335023,0.0,0.0,7172.999999999999
0.0086783042394,0.0,0.01277242777496,0.10136213887481,0.0,0.0,0.0,0.072,0.0,378.25198625988173,0.0,0.88586543335023,0.0,0.0,7172.999999999999
0.00897755610973,0.0,0.01277242777496,0.10136213887481,0.0,0.0,0.0,0.072,0.0,378.25198625988173,0.0,0.88586543335023,0.0,0.0,7172.999999999999
0.00927680798005,0.0,0.01277242777496,0.10136213887481,0.0,0.0,0.0,0.072,0.0,378.25198625988173,0.0,0.88586543335023,0.0,0.0,7172.999999999999
0.00957605985037,0.0,0.01277242777496,0.10136213887481,0.0,0.0,0.0,0.072,0.0,378.25198625988173,0.0,0.88586543335023,0.0,0.0,7172.999999999999
0.0098753117207,0.0,0.01277242777496,0.10136213887481,0.0,0.0,0.0,0.072,0.0,378.25198625988173,0.0,0.88586543335023,0.0,0.0,7172.999999999999
0.01017456359102,0.0,0.01277242777496,0.10136213887481,0.0,0.0,0.0,0.072,0.0,378.25198625988173,0.0,0.88586543335023,0.0,0.0,7172.999999999999
0.01047381546135,0.0,0.01277242777496,0.10136213887481,0.0,0.0,0.0,0.072,0.0,378.25198625988173,0.0,0.88586543335023,0.0,0.0,7172.999999999999
0.01077306733167,0.0,0.01277242777496,0.10136213887481,0.0,0.0,0.0,0.072,0.0,378.25198625988173,0.0,0.88586543335023,0.0,0.0,7172.999999999999
0.011072319202,0.0,0.01277242777496,0.10136213887481,0.0,0.0,0.0,0.072,0.0,378.25198625988173,0.0,0.88586543335023,0.0,0.0,7172.999999999999
0.01137157107232,0.0,0.01277242777496,0.10136213887481,0.0,0.0,0.0,0.072,0.0,378.25198625988173,0.0,0.88586543335023,0.0,0.0,7172.999999999999
0.01167082294264,0.0,0.01277242777496,0.10136213887481,0.0,0.0,0.0,0.072,0.0,378.25198625988173,0.0,0.88586543335023,0.0,0.0,7172.999999999999
0.01197007481297,0.0,0.01277242777496,0.10136213887481,0.0,0.0,0.0,0.072,0.0,378.25198625988173,0.0,0.88586543335023,0.0,0.0,7172.999999999999
0.01226932668329,0.0,0.01277242777496,0.10136213887481,0.0,0.0,0.0,0.072,0.0,378.25198625988173,0.0,0.88586543335023,0.0,0.0,7172.999999999999
0.01256857855362,0.0,0.01277242777496,0.10136213887481,0.0,0.0,0.0,0.072,0.0,378.25198625988173,0.0,0.88586543335023,0.0,0.0,7172.999999999999
0.01286783042394,0.0,0.01277242777496,0.10136213887481,0.0,0.0,0.0,0.072,0.0,378.25198625988173,0.0,0.88586543335023,0.0,0.0,7172.999999999999
0.01316708229426,0.0,0.01277242777496,0.10136213887481,0.0,0.0,0.0,0.072,0.0,378.25198625988173,0.0,0.88586543335023,0.0,0.0,7172.999999999999
0.01346633416459,0.0,0.01277242777496,0.10136213887481,0.0,0.0,0.0,0.072,0.0,378.25198625988173,0.0,0.88586543335023,0.0,0.0,7172.999999999999
0.01376558603491,0.0,0.01277242777496,0.10136213887481,0.0,0.0,0.0,0.072,0.0,378.25198625988173,0.0,0.88586543335023,0.0,0.0,7172.999999999999
0.01406483790524,0.0,0.01277242777496,0.10136213887481,0.0,0.0,0.0,0.072,0.0,378.25198625988173,0.0,0.88586543335023,0.0,0.0,7172.999999999999
0.01436408977556,0.0,0.01277242777496,0.10136213887481,0.0,0.0,0.0,0.072,0.0,378.25198625988173,0.0,0.88586543335023,0.0,0.0,7172.999999999999
0.01466334164589,0.0,0.01277242777496,0.10136213887481,0.0,0.0,0.0,0.072,0.0,378.25198625988173,0.0,0.88586543335023,0.0,0.0,7172.999999999999
0.01496259351621,0.0,0.01277242777496,0.10136213887481,0.0,0.0,0.0,0.072,0.0,378.25198625988173,0.0,0.88586543335023,0.0,0.0,7172.999999999999
0.01526184538653,0.0,0.01277242777496,0.10136213887481,0.0,0.0,0.0,0.072,0.0,378.25198625988173,0.0,0.88586543335023,0.0,0.0,7172.999999999999
0.01556109725686,0.0,0.01277242777496,0.10136213887481,0.0,0.0,0.0,0.072,0.0,378.25198625988173,0.0,0.88586543335023,0.0,0.0,7172.999999999999
0.01586034912718,0.0,0.01277242777496,0.10136213887481,0.0,0.0,0.0,0.072,0.0,378.25198625988173,0.0,0.88586543335023,0.0,0.0,7172.999999999999
0.01615960099751,0.0,0.01277242777496,0.10136213887481,0.0,0.0,0.0,0.072,0.0,378.25198625988173,0.0,0.88586543335023,0.0,0.0,7172.999999999999
0.01645885286783,0.0,0.01277242777496,0.10136213887481,0.0,0.0,0.0,0.072,0.0,378.25198625988173,0.0,0.88586543335023,0.0,0.0,7172.999999999999
0.01675810473815,0.0,0.01277242777496,0.10136213887481,0.0,0.0,0.0,0.072,0.0,378.25198625988173,0.0,0.88586543335023,0.0,0.0,7172.999999999999
0.01705735660848,0.0,0.01277242777496,0.10136213887481,0.0,0.0,0.0,0.072,0.0,378.25198625988173,0.0,0.88586543335023,0.0,0.0,7172.999999999999
0.0173566084788,0.0,0.01277242777496,0.10136213887481,0.0,0.0,0.0,0.072,0.0,378.25198625988173,0.0,0.88586543335023,0.0,0.0,7172.999999999999
0.01765586034913,0.0,0.01277242777496,0.10136213887481,0.0,0.0,0.0,0.072,0.0,378.25198625988173,0.0,0.88586543335023,0.0,0.0,7172.999999999999
0.01795511221945,0.0,0.01277242777496,0.10136213887481,0.0,0.0,0.0,0.072,0.0,378.25198625988173,0.0,0.88586543335023,0.0,0.0,7172.999999999999
0.01825436408978,0.0,0.01277242777496,0.10136213887481,0.0,0.0,0.0,0.072,0.0,378.25198625988173,0.0,0.88586543335023,0.0,0.0,7172.999999999999
0.0185536159601,0.0,0.01277242777496,0.10136213887481,0.0,0.0,0.0,0.072,0.0,378.25198625988173,0.0,0.88586543335023,0.0,0.0,7172.999999999999
0.01885286783042,0.0,0.01277242777496,0.10136213887481,0.0,0.0,0.0,0.072,0.0,378.25198625988173,0.0,0.88586543335023,0.0,0.0,7172.999999999999
0.01915211970075,0.0,0.01277242777496,0.10136213887481,0.0,0.0,0.0,0.072,0.0,378.25198625988173,0.0,0.88586543335023,0.0,0.0,7172.999999999999
0.01945137157107,0.0,0.01277242777496,0.10136213887481,0.0,0.0,0.0,0.072,0.0,378.25198625988173,0.0,0.88586543335023,0.0,0.0,7172.999999999999
0.0197506234414,0.0,0.01277242777496,0.10136213887481,0.0,0.0,0.0,0.072,0.0,378.25198625988173,0.0,0.88586543335023,0.0,0.0,7172.999999999999
0.02004987531172,0.0,0.01277242777496,0.10136213887481,0.0,0.0,0.0,0.072,0.0,378.25198625988173,0.0,0.88586543335023,0.0,0.0,7172.999999999999
0.02034912718204,0.0,0.01277242777496,0.10136213887481,0.0,0.0,0.0,0.072,0.0,378.25198625988173,0.0,0.88586543335023,0.0,0.0,7172.999999999999
0.02064837905237,0.0,0.01277242777496,0.10136213887481,0.0,0.0,0.0,0.072,0.0,378.25198625988173,0.0,0.88586543335023,0.0,0.0,7172.999999999999
0.02094763092269,0.0,0.01277242777496,0.10136213887481,0.0,0.0,0.0,0.072,0.0,378.25198625988173,0.0,0.88586543335023,0.0,0.0,7172.999999999999
0.02124688279302,0.0,0.01277242777496,0.10136213887481,0.0,0.0,0.0,0.072,0.0,378.25198625988173,0.0,0.88586543335023,0.0,0.0,7172.999999999999
0.02154613466334,0.0,0.01277242777496,0.10136213887481,0.0,0.0,0.0,0.072,0.0,378.25198625988173,0.0,0.88586543335023,0.0,0.0,7172.999999999999
0.02184538653367,0.0,0.01277242777496,0.10136213887481,0.0,0.0,0.0,0.072,0.0,378.25198625988173,0.0,0.88586543335023,0.0,0.0,7172.999999999999
0.02214463840399,0.0,0.01277242777496,0.10136213887481,0.0,0.0,0.0,0.072,0.0,378.25198625988173,0.0,0.88586543335023,0.0,0.0,7172.999999999999
0.02244389027431,0.0,0.01277242777496,0.10136213887481,0.0,0.0,0.0,0.072,0.0,378.25198625988173,0.0,0.88586543335023,0.0,0.0,7172.999999999999
0.02274314214464,0.0,0.01277242777496,0.10136213887481,0.0,0.0,0.0,0.072,0.0,378.25198625988173,0.0,0.88586543335023,0.0,0.0,7172.999999999999
0.02304239401496,0.0,0.01277242777496,0.10136213887481,0.0,0.0,0.0,0.072,0.0,378.25198625988173,0.0,0.88586543335023,0.0,0.0,7172.999999999999
0.02334164588529,0.0,0.01277242777496,0.10136213887481,0.0,0.0,0.0,0.072,0.0,378.25198625988173,0.0,0.88586543335023,0.0,0.0,7172.999999999999
0.02364089775561,0.0,0.01277242777496,0.10136213887481,0.0,0.0,0.0,0.072,0.0,378.25198625988173,0.0,0.88586543335023,0.0,0.0,7172.999999999999
0.02394014962594,0.0,0.01277242777496,0.10136213887481,0.0,0.0,0.0,0.072,0.0,378.25198625988173,0.0,0.88586543335023,0.0,0.0,7172.999999999999
0.02423940149626,0.0,0.01277242777496,0.10136213887481,0.0,0.0,0.0,0.072,0.0,378.25198625988173,0.0,0.88586543335023,0.0,0.0,7172.999999999999
0.02453865336658,0.0,0.01277242777496,0.10136213887481,0.0,0.0,0.0,0.072,0.0,378.25198625988173,0.0,0.88586543335023,0.0,0.0,7172.999999999999
0.02483790523691,0.0,0.01277242777496,0.10136213887481,0.0,0.0,0.0,0.072,0.0,378.25198625988173,0.0,0.88586543335023,0.0,0.0,7172.999999999999
0.02513715710723,0.0,0.01277242777496,0.10136213887481,0.0,0.0,0.0,0.072,0.0,378.25198625988173,0.0,0.88586543335023,0.0,0.0,7172.999999999999
0.02543640897756,0.0,0.01277242777496,0.10136213887481,0.0,0.0,0.0,0.072,0.0,378.25198625988173,0.0,0.88586543335023,0.0,0.0,7172.999999999999
0.02573566084788,0.0,0.01277242777496,0.10136213887481,0.0,0.0,0.0,0.072,0.0,378.25198625988173,0.0,0.88586543335023,0.0,0.0,7172.999999999999
0.0260349127182,0.0,0.01277242777496,0.10136213887481,0.0,0.0,0.0,0.072,0.0,378.25198625988173,0.0,0.88586543335023,0.0,0.0,7172.999999999999
0.02633416458853,0.0,0.01277242777496,0.10136213887481,0.0,0.0,0.0,0.072,0.0,378.25198625988173,0.0,0.88586543335023,0.0,0.0,7172.999999999999
0.02663341645885,0.0,0.01277242777496,0.10136213887481,0.0,0.0,0.0,0.072,0.0,378.25198625988173,0.0,0.88586543335023,0.0,0.0,7172.999999999999
0.02693266832918,0.0,0.01277242777496,0.10136213887481,0.0,0.0,0.0,0.072,0.0,378.25198625988173,0.0,0.88586543335023,0.0,0.0,7172.999999999999
0.0272319201995,0.0,0.01277242777496,0.10136213887481,0.0,0.0,0.0,0.072,0.0,378.25198625988173,0.0,0.88586543335023,0.0,0.0,7172.999999999999
0.02753117206983,0.0,0.01277242777496,0.10136213887481,0.0,0.0,0.0,0.072,0.0,378.25198625988173,0.0,0.88586543335023,0.0,0.0,7172.999999999999
0.02783042394015,0.0,0.01277242777496,0.10136213887481,0.0,0.0,0.0,0.072,0.0,378.25198625988173,0.0,0.88586543335023,0.0,0.0,7172.999999999999
0.02812967581047,0.0,0.01277242777496,0.10136213887481,0.0,0.0,0.0,0.072,0.0,378.25198625988173,0.0,0.88586543335023,0.0,0.0,7172.999999999999
0.0284289276808,0.0,0.01277242777496,0.10136213887481,0.0,0.0,0.0,0.072,0.0,378.25198625988173,0.0,0.88586543335023,0.0,0.0,7172.999999999999
0.02872817955112,0.0,0.01277242777496,0.10136213887481,0.0,0.0,0.0,0.072,0.0,378.25198625988173,0.0,0.88586543335023,0.0,0.0,7172.999999999999
0.02902743142145,0.0,0.01277242777496,0.10136213887481,0.0,0.0,0.0,0.072,0.0,378.25198625988173,0.0,0.88586543335023,0.0,0.0,7172.999999999999
0.02932668329177,0.0,0.01277242777496,0.10136213887481,0.0,0.0,0.0,0.072,0.0,378.25198625988173,0.0,0.88586543335023,0.0,0.0,7172.999999999999
0.02962593516209,0.0,0.01277242777496,0.10136213887481,0.0,0.0,0.0,0.072,0.0,378.25198625988173,0.0,0.88586543335023,0.0,0.0,7172.999999999999
0.02992518703242,0.0,0.01277242777496,0.10136213887481,0.0,0.0,0.0,0.072,0.0,378.25198625988173,0.0,0.88586543335023,0.0,0.0,7172.999999999999
0.03022443890274,0.0,0.01277242777496,0.10136213887481,0.0,0.0,0.0,0.072,0.0,378.25198625988173,0.0,0.88586543335023,0.0,0.0,7172.999999999999
0.03052369077307,0.0,0.01277242777496,0.10136213887481,0.0,0.0,0.0,0.072,0.0,378.25198625988173,0.0,0.88586543335023,0.0,0.0,7172.999999999999
0.03082294264339,0.0,0.01277242777496,0.10136213887481,0.0,0.0,0.0,0.072,0.0,378.25198625988173,0.0,0.88586543335023,0.0,0.0,7172.999999999999
0.03112219451372,0.0,0.01277242777496,0.10136213887481,0.0,0.0,0.0,0.072,0.0,378.25198625988173,0.0,0.88586543335023,0.0,0.0,7172.999999999999
0.03142144638404,0.0,0.01277242777496,0.10136213887481,0.0,0.0,0.0,0.072,0.0,378.25198625988173,0.0,0.88586543335023,0.0,0.0,7172.999999999999
0.03172069825436,0.0,0.01277242777496,0.10136213887481,0.0,0.0,0.0,0.072,0.0,378.25198625988173,0.0,0.88586543335023,0.0,0.0,7172.999999999999
0.03201995012469,0.0,0.01277242777496,0.10136213887481,0.0,0.0,0.0,0.072,0.0,378.25198625988173,0.0,0.88586543335023,0.0,0.0,7172.999999999999
0.03231920199501,0.0,0.01277242777496,0.10136213887481,0.0,0.0,0.0,0.072,0.0,378.25198625988173,0.0,0.88586543335023,0.0,0.0,7172.999999999999
0.03261845386534,0.0,0.01277242777496,0.10136213887481,0.0,0.0,0.0,0.072,0.0,378.25198625988173,0.0,0.88586543335023,0.0,0.0,7172.999999999999
0.03291770573566,0.0,0.01277242777496,0.10136213887481,0.0,0.0,0.0,0.072,0.0,378.25198625988173,0.0,0.88586543335023,0.0,0.0,7172.999999999999
0.03321695760599,0.0,0.01277242777496,0.10136213887481,0.0,0.0,0.0,0.072,0.0,378.25198625988173,0.0,0.88586543335023,0.0,0.0,7172.999999999999
0.03351620947631,0.0,0.01277242777496,0.10136213887481,0.0,0.0,0.0,0.072,0.0,378.25198625988173,0.0,0.88586543335023,0.0,0.0,7172.999999999999
0.03381546134663,0.0,0.01277242777496,0.10136213887481,0.0,0.0,0.0,0.072,0.0,378.25198625988173,0.0,0.88586543335023,0.0,0.0,7172.999999999999
0.03411471321696,0.0,0.01277242777496,0.10136213887481,0.0,0.0,0.0,0.072,0.0,378.25198625988173,0.0,0.88586543335023,0.0,0.0,7172.999999999999
0.03441396508728,0.0,0.01277242777496,0.10136213887481,0.0,0.0,0.0,0.072,0.0,378.25198625988173,0.0,0.88586543335023,0.0,0.0,7172.999999999999
0.03471321695761,0.0,0.01277242777496,0.10136213887481,0.0,0.0,0.0,0.072,0.0,378.25198625988173,0.0,0.88586543335023,0.0,0.0,7172.999999999999
0.03501246882793,0.0,0.01277242777496,0.10136213887481,0.0,0.0,0.0,0.072,0.0,378.25198625988173,0.0,0.88586543335023,0.0,0.0,7172.999999999999
0.03531172069825,0.0,0.01277242777496,0.10136213887481,0.0,0.0,0.0,0.072,0.0,378.25198625988173,0.0,0.88586543335023,0.0,0.0,7172.999999999999
0.03561097256858,0.0,0.01277242777496,0.10136213887481,0.0,0.0,0.0,0.072,0.0,378.25198625988173,0.0,0.88586543335023,0.0,0.0,7172.999999999999
0.0359102244389,0.0,0.01277242777496,0.10136213887481,0.0,0.0,0.0,0.072,0.0,378.25198625988173,0.0,0.88586543335023,0.0,0.0,7172.999999999999
0.03620947630923,0.0,0.01277242777496,0.10136213887481,0.0,0.0,0.0,0.072,0.0,378.25198625988173,0.0,0.88586543335023,0.0,0.0,7172.999999999999
0.03650872817955,0.0,0.01277242777496,0.10136213887481,0.0,0.0,0.0,0.072,0.0,378.25198625988173,0.0,0.88586543335023,0.0,0.0,7172.999999999999
0.03680798004988,0.0,0.01277242777496,0.10136213887481,0.0,0.0,0.0,0.072,0.0,378.25198625988173,0.0,0.88586543335023,0.0,0.0,7172.999999999999
0.0371072319202,0.0,0.01277242777496,0.10136213887481,0.0,0.0,0.0,0.072,0.0,378.25198625988173,0.0,0.88586543335023,0.0,0.0,7172.999999999999
0.03740648379052,0.0,0.01277242777496,0.10136213887481,0.0,0.0,0.0,0.072,0.0,378.25198625988173,0.0,0.88586543335023,0.0,0.0,7172.999999999999
0.03770573566085,0.0,0.01277242777496,0.10136213887481,0.0,0.0,0.0,0.072,0.0,378.25198625988173,0.0,0.88586543335023,0.0,0.0,7172.999999999999
0.03800498753117,0.0,0.01277242777496,0.10136213887481,0.0,0.0,0.0,0.072,0.0,378.25198625988173,0.0,0.88586543335023,0.0,0.0,7172.999999999999
0.0383042394015,0.0,0.01277242777496,0.10136213887481,0.0,0.0,0.0,0.072,0.0,378.25198625988173,0.0,0.88586543335023,0.0,0.0,7172.999999999999
0.03860349127182,0.0,0.01277242777496,0.10136213887481,0.0,0.0,0.0,0.072,0.0,378.25198625988173,0.0,0.88586543335023,0.0,0.0,7172.999999999999
0.03890274314214,0.0,0.01277242777496,0.10136213887481,0.0,0.0,0.0,0.072,0.0,378.25198625988173,0.0,0.88586543335023,0.0,0.0,7172.999999999999
0.03920199501247,0.0,0.01277242777496,0.10136213887481,0.0,0.0,0.0,0.072,0.0,378.25198625988173,0.0,0.88586543335023,0.0,0.0,7172.999999999999
0.03950124688279,0.0,0.01277242777496,0.10136213887481,0.0,0.0,0.0,0.072,0.0,378.25198625988173,0.0,0.88586543335023,0.0,0.0,7172.999999999999
0.03980049875312,0.0,0.01277242777496,0.10136213887481,0.0,0.0,0.0,0.072,0.0,378.25198625988173,0.0,0.88586543335023,0.0,0.0,7172.999999999999
0.04009975062344,0.0,0.01277242777496,0.10136213887481,0.0,0.0,0.0,0.072,0.0,378.25198625988173,0.0,0.88586543335023,0.0,0.0,7172.999999999999
0.04039900249377,0.0,0.01277242777496,0.10136213887481,0.0,0.0,0.0,0.072,0.0,378.25198625988173,0.0,0.88586543335023,0.0,0.0,7172.999999999999
0.04069825436409,0.0,0.01277242777496,0.10136213887481,0.0,0.0,0.0,0.072,0.0,378.25198625988173,0.0,0.88586543335023,0.0,0.0,7172.999999999999
0.04099750623441,0.0,0.01277242777496,0.10136213887481,0.0,0.0,0.0,0.072,0.0,378.25198625988173,0.0,0.88586543335023,0.0,0.0,7172.999999999999
0.04129675810474,0.0,0.01277242777496,0.10136213887481,0.0,0.0,0.0,0.072,0.0,378.25198625988173,0.0,0.88586543335023,0.0,0.0,7172.999999999999
0.04159600997506,0.0,0.01277242777496,0.10136213887481,0.0,0.0,0.0,0.072,0.0,378.25198625988173,0.0,0.88586543335023,0.0,0.0,7172.999999999999
0.04189526184539,0.0,0.01277242777496,0.10136213887481,0.0,0.0,0.0,0.072,0.0,378.25198625988173,0.0,0.88586543335023,0.0,0.0,7172.999999999999
0.04219451371571,0.0,0.01277242777496,0.10136213887481,0.0,0.0,0.0,0.072,0.0,378.25198625988173,0.0,0.88586543335023,0.0,0.0,7172.999999999999
0.04249376558603,0.0,0.01277242777496,0.10136213887481,0.0,0.0,0.0,0.072,0.0,378.25198625988173,0.0,0.88586543335023,0.0,0.0,7172.999999999999
0.04279301745636,0.0,0.01277242777496,0.10136213887481,0.0,0.0,0.0,0.072,0.0,378.25198625988173,0.0,0.88586543335023,0.0,0.0,7172.999999999999
0.04309226932668,0.0,0.01277242777496,0.10136213887481,0.0,0.0,0.0,0.072,0.0,378.25198625988173,0.0,0.88586543335023,0.0,0.0,7172.999999999999
0.04339152119701,0.0,0.01277242777496,0.10136213887481,0.0,0.0,0.0,0.072,0.0,378.25198625988173,0.0,0.88586543335023,0.0,0.0,7172.999999999999
0.04369077306733,0.0,0.01277242777496,0.10136213887481,0.0,0.0,0.0,0.072,0.0,378.25198625988173,0.0,0.88586543335023,0.0,0.0,7172.999999999999
0.04399002493766,0.0,0.01277242777496,0.10136213887481,0.0,0.0,0.0,0.072,0.0,378.25198625988173,0.0,0.88586543335023,0.0,0.0,7172.999999999999
0.04428927680798,0.0,0.01277242777496,0.10136213887481,0.0,0.0,0.0,0.072,0.0,378.25198625988173,0.0,0.88586543335023,0.0,0.0,7172.999999999999
0.0445885286783,0.0,0.01277242777496,0.10136213887481,0.0,0.0,0.0,0.072,0.0,378.25198625988173,0.0,0.88586543335023,0.0,0.0,7172.999999999999
0.04488778054863,0.0,0.01277242777496,0.10136213887481,0.0,0.0,0.0,0.072,0.0,378.25198625988173,0.0,0.88586543335023,0.0,0.0,7172.999999999999
0.04518703241895,0.0,0.01277242777496,0.10136213887481,0.0,0.0,0.0,0.072,0.0,378.25198625988173,0.0,0.88586543335023,0.0,0.0,7172.999999999999
0.04548628428928,0.0,0.01277242777496,0.10136213887481,0.0,0.0,0.0,0.072,0.0,378.25198625988173,0.0,0.88586543335023,0.0,0.0,7172.999999999999
0.0457855361596,0.0,0.01277242777496,0.10136213887481,0.0,0.0,0.0,0.072,0.0,378.25198625988173,0.0,0.88586543335023,0.0,0.0,7172.999999999999
0.04608478802993,0.0,0.01277242777496,0.10136213887481,0.0,0.0,0.0,0.072,0.0,378.25198625988173,0.0,0.88586543335023,0.0,0.0,7172.999999999999
0.04638403990025,0.0,0.01277242777496,0.10136213887481,0.0,0.0,0.0,0.072,0.0,378.25198625988173,0.0,0.88586543335023,0.0,0.0,7172.999999999999
0.04668329177057,0.0,0.01277242777496,0.10136213887481,0.0,0.0,0.0,0.072,0.0,378.25198625988173,0.0,0.88586543335023,0.0,0.0,7172.999999999999
0.0469825436409,0.0,0.01277242777496,0.10136213887481,0.0,0.0,0.0,0.072,0.0,378.25198625988173,0.0,0.88586543335023,0.0,0.0,7172.999999999999
0.04728179551122,0.0,0.01277242777496,0.10136213887481,0.0,0.0,0.0,0.072,0.0,378.25198625988173,0.0,0.88586543335023,0.0,0.0,7172.999999999999
0.04758104738155,0.0,0.01277242777496,0.10136213887481,0.0,0.0,0.0,0.072,0.0,378.25198625988173,0.0,0.88586543335023,0.0,0.0,7172.999999999999
0.04788029925187,0.0,0.01277242777496,0.10136213887481,0.0,0.0,0.0,0.072,0.0,378.25198625988173,0.0,0.88586543335023,0.0,0.0,7172.999999999999
0.04817955112219,0.0,0.01277242777496,0.10136213887481,0.0,0.0,0.0,0.072,0.0,378.25198625988173,0.0,0.88586543335023,0.0,0.0,7172.999999999999
0.04847880299252,0.0,0.01277242777496,0.10136213887481,0.0,0.0,0.0,0.072,0.0,378.25198625988173,0.0,0.88586543335023,0.0,0.0,7172.999999999999
0.04877805486284,0.0,0.01277242777496,0.10136213887481,0.0,0.0,0.0,0.072,0.0,378.25198625988173,0.0,0.88586543335023,0.0,0.0,7172.999999999999
0.04907730673317,0.0,0.01277242777496,0.10136213887481,0.0,0.0,0.0,0.072,0.0,378.25198625988173,0.0,0.88586543335023,0.0,0.0,7172.999999999999
0.04937655860349,0.0,0.01277242777496,0.10136213887481,0.0,0.0,0.0,0.072,0.0,378.25198625988173,0.0,0.88586543335023,0.0,0.0,7172.999999999999
0.04967581047382,0.0,0.01277242777496,0.10136213887481,0.0,0.0,0.0,0.072,0.0,378.25198625988173,0.0,0.88586543335023,0.0,0.0,7172.999999999999
0.04997506234414,0.0,0.01277242777496,0.10136213887481,0.0,0.0,0.0,0.072,0.0,378.25198625988173,0.0,0.88586543335023,0.0,0.0,7172.999999999999
0.05027431421446,0.0,0.01277242777496,0.10136213887481,0.0,0.0,0.0,0.072,0.0,378.25198625988173,0.0,0.88586543335023,0.0,0.0,7172.999999999999
0.05057356608479,0.0,0.01277242777496,0.10136213887481,0.0,0.0,0.0,0.072,0.0,378.25198625988173,0.0,0.88586543335023,0.0,0.0,7172.999999999999
0.05087281795511,0.0,0.01277242777496,0.10136213887481,0.0,0.0,0.0,0.072,0.0,378.25198625988173,0.0,0.88586543335023,0.0,0.0,7172.999999999999
0.05117206982544,0.0,0.01277242777496,0.10136213887481,0.0,0.0,0.0,0.072,0.0,378.25198625988173,0.0,0.88586543335023,0.0,0.0,7172.999999999999
0.05147132169576,0.0,0.01277242777496,0.10136213887481,0.0,0.0,0.0,0.072,0.0,378.25198625988173,0.0,0.88586543335023,0.0,0.0,7172.999999999999
0.05177057356608,0.0,0.01277242777496,0.10136213887481,0.0,0.0,0.0,0.072,0.0,378.25198625988173,0.0,0.88586543335023,0.0,0.0,7172.999999999999
0.05206982543641,0.0,0.01277242777496,0.10136213887481,0.0,0.0,0.0,0.072,0.0,378.25198625988173,0.0,0.88586543335023,0.0,0.0,7172.999999999999
0.05236907730673,0.0,0.01277242777496,0.10136213887481,0.0,0.0,0.0,0.072,0.0,378.25198625988173,0.0,0.88586543335023,0.0,0.0,7172.999999999999
0.05266832917706,0.0,0.01277242777496,0.10136213887481,0.0,0.0,0.0,0.072,0.0,378.25198625988173,0.0,0.88586543335023,0.0,0.0,7172.999999999999
0.05296758104738,0.0,0.01277242777496,0.10136213887481,0.0,0.0,0.0,0.072,0.0,378.25198625988173,0.0,0.88586543335023,0.0,0.0,7172.999999999999
0.05326683291771,0.0,0.01277242777496,0.10136213887481,0.0,0.0,0.0,0.072,0.0,378.25198625988173,0.0,0.88586543335023,0.0,0.0,7172.999999999999
0.05356608478803,0.0,0.01277242777496,0.10136213887481,0.0,0.0,0.0,0.072,0.0,378.25198625988173,0.0,0.88586543335023,0.0,0.0,7172.999999999999
0.05386533665835,0.0,0.01277242777496,0.10136213887481,0.0,0.0,0.0,0.072,0.0,378.25198625988173,0.0,0.88586543335023,0.0,0.0,7172.999999999999
0.05416458852868,0.0,0.01277242777496,0.10136213887481,0.0,0.0,0.0,0.072,0.0,378.25198625988173,0.0,0.88586543335023,0.0,0.0,7172.999999999999
0.054463840399,0.0,0.01277242777496,0.10136213887481,0.0,0.0,0.0,0.072,0.0,378.25198625988173,0.0,0.88586543335023,0.0,0.0,7172.999999999999
0.05476309226933,0.0,0.01277242777496,0.10136213887481,0.0,0.0,0.0,0.072,0.0,378.25198625988173,0.0,0.88586543335023,0.0,0.0,7172.999999999999
0.05506234413965,0.0,0.01277242777496,0.10136213887481,0.0,0.0,0.0,0.072,0.0,378.25198625988173,0.0,0.88586543335023,0.0,0.0,7172.999999999999
0.05536159600998,0.0,0.01277242777496,0.10136213887481,0.0,0.0,0.0,0.072,0.0,378.25198625988173,0.0,0.88586543335023,0.0,0.0,7172.999999999999
0.0556608478803,0.0,0.01277242777496,0.10136213887481,0.0,0.0,0.0,0.072,0.0,378.25198625988173,0.0,0.88586543335023,0.0,0.0,7172.999999999999
0.05596009975062,0.0,0.01277242777496,0.10136213887481,0.0,0.0,0.0,0.072,0.0,378.25198625988173,0.0,0.88586543335023,0.0,0.0,7172.999999999999
0.05625935162095,0.0,0.01277242777496,0.10136213887481,0.0,0.0,0.0,0.072,0.0,378.25198625988173,0.0,0.88586543335023,0.0,0.0,7172.999999999999
0.05655860349127,0.0,0.01277242777496,0.10136213887481,0.0,0.0,0.0,0.072,0.0,378.25198625988173,0.0,0.88586543335023,0.0,0.0,7172.999999999999
0.0568578553616,0.0,0.01277242777496,0.10136213887481,0.0,0.0,0.0,0.072,0.0,378.25198625988173,0.0,0.88586543335023,0.0,0.0,7172.999999999999
0.05715710723192,0.0,0.01277242777496,0.10136213887481,0.0,0.0,0.0,0.072,0.0,378.25198625988173,0.0,0.88586543335023,0.0,0.0,7172.999999999999
0.05745635910224,0.0,0.01277242777496,0.10136213887481,0.0,0.0,0.0,0.072,0.0,378.25198625988173,0.0,0.88586543335023,0.0,0.0,7172.999999999999
0.05775561097257,0.0,0.01277242777496,0.10136213887481,0.0,0.0,0.0,0.072,0.0,378.25198625988173,0.0,0.88586543335023,0.0,0.0,7172.999999999999
0.05805486284289,0.0,0.01277242777496,0.10136213887481,0.0,0.0,0.0,0.072,0.0,378.25198625988173,0.0,0.88586543335023,0.0,0.0,7172.999999999999
0.05835411471322,0.0,0.01277242777496,0.10136213887481,0.0,0.0,0.0,0.072,0.0,378.25198625988173,0.0,0.88586543335023,0.0,0.0,7172.999999999999
0.05865336658354,0.0,0.01277242777496,0.10136213887481,0.0,0.0,0.0,0.072,0.0,378.25198625988173,0.0,0.88586543335023,0.0,0.0,7172.999999999999
0.05895261845387,0.0,0.01277242777496,0.10136213887481,0.0,0.0,0.0,0.072,0.0,378.25198625988173,0.0,0.88586543335023,0.0,0.0,7172.999999999999
0.05925187032419,0.0,0.01277242777496,0.10136213887481,0.0,0.0,0.0,0.072,0.0,378.25198625988173,0.0,0.88586543335023,0.0,0.0,7172.999999999999
0.05955112219451,0.0,0.01277242777496,0.10136213887481,0.0,0.0,0.0,0.072,0.0,378.25198625988173,0.0,0.88586543335023,0.0,0.0,7172.999999999999
0.05985037406484,0.0,0.01277242777496,0.10136213887481,0.0,0.0,0.0,0.072,0.0,378.25198625988173,0.0,0.88586543335023,0.0,0.0,7172.999999999999
0.06014962593516,0.0,0.01277242777496,0.10136213887481,0.0,0.0,0.0,0.072,0.0,378.25198625988173,0.0,0.88586543335023,0.0,0.0,7172.999999999999
0.06044887780549,0.0,0.01277242777496,0.10136213887481,0.0,0.0,0.0,0.18075,-487.34,747.6724410278091,0.0,0.88586543335023,0.0,0.0,35594.0
0.06074812967581,0.0,0.01277242777496,0.10136213887481,0.0,0.0,0.0,0.18075,-487.34,747.6724410278091,0.0,0.88586543335023,0.0,0.0,35594.0
0.06104738154613,0.0,0.01277242777496,0.10136213887481,0.0,0.0,0.0,0.18075,-487.34,747.6724410278091,0.0,0.88586543335023,0.0,0.0,35594.0
0.06134663341646,0.0,0.01277242777496,0.10136213887481,0.0,0.0,0.0,0.18075,-487.34,747.6724410278091,0.0,0.88586543335023,0.0,0.0,35594.0
0.06164588528678,0.0,0.01277242777496,0.10136213887481,0.0,0.0,0.0,0.18075,-487.34,747.6724410278091,0.0,0.88586543335023,0.0,0.0,35594.0
0.06194513715711,0.0,0.01277242777496,0.10136213887481,0.0,0.0,0.0,0.18075,-487.34,747.6724410278091,0.0,0.88586543335023,0.0,0.0,35594.0
0.06224438902743,0.0,0.01277242777496,0.10136213887481,0.0,0.0,0.0,0.18075,-487.34,747.6724410278091,0.0,0.88586543335023,0.0,0.0,35594.0
0.06254364089776,0.0,0.01277242777496,0.10136213887481,0.0,0.0,0.0,0.18075,-487.34,747.6724410278091,0.0,0.88586543335023,0.0,0.0,35594.0
0.06284289276808,0.0,0.01277242777496,0.10136213887481,0.0,0.0,0.0,0.18075,-487.34,747.6724410278091,0.0,0.88586543335023,0.0,0.0,35594.0
0.0631421446384,0.0,0.01277242777496,0.10136213887481,0.0,0.0,0.0,0.18075,-487.34,747.6724410278091,0.0,0.88586543335023,0.0,0.0,35594.0
0.06344139650873,0.0,0.01277242777496,0.10136213887481,0.0,0.0,0.0,0.18075,-487.34,747.6724410278091,0.0,0.88586543335023,0.0,0.0,35594.0
0.06374064837905,0.0,0.01277242777496,0.10136213887481,0.0,0.0,0.0,0.18075,-487.34,747.6724410278091,0.0,0.88586543335023,0.0,0.0,35594.0
0.06403990024938,0.0,0.01277242777496,0.10136213887481,0.0,0.0,0.0,0.18075,-487.34,747.6724410278091,0.0,0.88586543335023,0.0,0.0,35594.0
0.0643391521197,0.0,0.01277242777496,0.10136213887481,0.0,0.0,0.0,0.18075,-487.34,747.6724410278091,0.0,0.88586543335023,0.0,0.0,35594.0
0.06463840399002,0.0,0.01277242777496,0.10136213887481,0.0,0.0,0.0,0.18075,-487.34,747.6724410278091,0.0,0.88586543335023,0.0,0.0,35594.0
0.06493765586035,0.0,0.01277242777496,0.10136213887481,0.0,0.0,0.0,0.18075,-487.34,747.6724410278091,0.0,0.88586543335023,0.0,0.0,35594.0
0.06523690773067,0.0,0.01277242777496,0.10136213887481,0.0,0.0,0.0,0.18075,-487.34,747.6724410278091,0.0,0.88586543335023,0.0,0.0,35594.0
0.065536159601,0.0,0.01277242777496,0.10136213887481,0.0,0.0,0.0,0.18075,-487.34,747.6724410278091,0.0,0.88586543335023,0.0,0.0,35594.0
0.06583541147132,0.0,0.01277242777496,0.10136213887481,0.0,0.0,0.0,0.18075,-487.34,747.6724410278091,0.0,0.88586543335023,0.0,0.0,35594.0
0.06613466334165,0.0,0.01277242777496,0.10136213887481,0.0,0.0,0.0,0.18075,-487.34,747.6724410278091,0.0,0.88586543335023,0.0,0.0,35594.0
0.06643391521197,0.0,0.01277242777496,0.10136213887481,0.0,0.0,0.0,0.18075,-487.34,747.6724410278091,0.0,0.88586543335023,0.0,0.0,35594.0
0.06673316708229,0.0,0.01277242777496,0.10136213887481,0.0,0.0,0.0,0.18075,-487.34,747.6724410278091,0.0,0.88586543335023,0.0,0.0,35594.0
0.06703241895262,0.0,0.01277242777496,0.10136213887481,0.0,0.0,0.0,0.18075,-487.34,747.6724410278091,0.0,0.88586543335023,0.0,0.0,35594.0
0.06733167082294,0.0,0.01277242777496,0.10136213887481,0.0,0.0,0.0,0.18075,-487.34,747.6724410278091,0.0,0.88586543335023,0.0,0.0,35594.0
0.06763092269327,0.0,0.01277242777496,0.10136213887481,0.0,0.0,0.0,0.18075,-487.34,747.6724410278091,0.0,0.88586543335023,0.0,0.0,35594.0
0.06793017456359,0.0,0.01277242777496,0.10136213887481,0.0,0.0,0.0,0.18075,-487.34,747.6724410278091,0.0,0.88586543335023,0.0,0.0,35594.0
0.06822942643392,0.0,0.01277242777496,0.10136213887481,0.0,0.0,0.0,0.18075,-487.34,747.6724410278091,0.0,0.88586543335023,0.0,0.0,35594.0
0.06852867830424,0.0,0.01277242777496,0.10136213887481,0.0,0.0,0.0,0.18075,-487.34,747.6724410278091,0.0,0.88586543335023,0.0,0.0,35594.0
0.06882793017456,0.0,0.01277242777496,0.10136213887481,0.0,0.0,0.0,0.18075,-487.34,747.6724410278091,0.0,0.88586543335023,0.0,0.0,35594.0
0.06912718204489,0.0,0.01277242777496,0.10136213887481,0.0,0.0,0.0,0.18075,-487.34,747.6724410278091,0.0,0.88586543335023,0.0,0.0,35594.0
0.06942643391521,0.0,0.01277242777496,0.10136213887481,0.0,0.0,0.0,0.18075,-487.34,747.6724410278091,0.0,0.88586543335023,0.0,0.0,35594.0
0.06972568578554,0.0,0.01277242777496,0.10136213887481,0.0,0.0,0.0,0.18075,-487.34,747.6724410278091,0.0,0.88586543335023,0.0,0.0,35594.0
0.07002493765586,0.0,0.01277242777496,0.10136213887481,0.0,0.0,0.0,0.18075,-487.34,747.6724410278091,0.0,0.88586543335023,0.0,0.0,35594.0
0.07032418952618,0.0,0.01277242777496,0.10136213887481,0.0,0.0,0.0,0.18075,-487.34,747.6724410278091,0.0,0.88586543335023,0.0,0.0,35594.0
0.07062344139651,0.0,0.01277242777496,0.10136213887481,0.0,0.0,0.0,0.18075,-487.34,747.6724410278091,0.0,0.88586543335023,0.0,0.0,35594.0
0.07092269326683,0.0,0.01277242777496,0.10136213887481,0.0,0.0,0.0,0.18075,-487.34,747.6724410278091,0.0,0.88586543335023,0.0,0.0,35594.0
0.07122194513716,0.0,0.01277242777496,0.10136213887481,0.0,0.0,0.0,0.18075,-487.34,747.6724410278091,0.0,0.88586543335023,0.0,0.0,35594.0
0.07152119700748,0.0,0.01277242777496,0.10136213887481,0.0,0.0,0.0,0.18075,-487.34,747.6724410278091,0.0,0.88586543335023,0.0,0.0,35594.0
0.07182044887781,0.0,0.01277242777496,0.10136213887481,0.0,0.0,0.0,0.18075,-487.34,747.6724410278091,0.0,0.88586543335023,0.0,0.0,35594.0
0.07211970074813,0.0,0.01277242777496,0.10136213887481,0.0,0.0,0.0,0.18075,-487.34,747.6724410278091,0.0,0.88586543335023,0.0,0.0,35594.0
0.07241895261845,0.0,0.01277242777496,0.10136213887481,0.0,0.0,0.0,0.18075,-487.34,747.6724410278091,0.0,0.88586543335023,0.0,0.0,35594.0
0.07271820448878,0.0,0.01277242777496,0.10136213887481,0.0,0.0,0.0,0.18075,-487.34,747.6724410278091,0.0,0.88586543335023,0.0,0.0,35594.0
0.0730174563591,0.0,0.01277242777496,0.10136213887481,0.0,0.0,0.0,0.18075,-487.34,747.6724410278091,0.0,0.88586543335023,0.0,0.0,35594.0
0.07331670822943,0.0,0.01277242777496,0.10136213887481,0.0,0.0,0.0,0.18075,-487.34,747.6724410278091,0.0,0.88586543335023,0.0,0.0,35594.0
0.07361596009975,0.0,0.01277242777496,0.10136213887481,0.0,0.0,0.0,0.18075,-487.34,747.6724410278091,0.0,0.88586543335023,0.0,0.0,35594.0
0.07391521197007,0.0,0.01277242777496,0.10136213887481,0.0,0.0,0.0,0.18075,-487.34,747.6724410278091,0.0,0.88586543335023,0.0,0.0,35594.0
0.0742144638404,0.0,0.01277242777496,0.10136213887481,0.0,0.0,0.0,0.18075,-487.34,747.6724410278091,0.0,0.88586543335023,0.0,0.0,35594.0
0.07451371571072,0.0,0.01277242777496,0.10136213887481,0.0,0.0,0.0,0.18075,-487.34,747.6724410278091,0.0,0.88586543335023,0.0,0.0,35594.0
0.07481296758105,0.0,0.01277242777496,0.10136213887481,0.0,0.0,0.0,0.18075,-487.34,747.6724410278091,0.0,0.88586543335023,0.0,0.0,35594.0
0.07511221945137,0.0,0.01277242777496,0.10136213887481,0.0,0.0,0.0,0.18075,-487.34,747.6724410278091,0.0,0.88586543335023,0.0,0.0,35594.0
0.0754114713217,0.0,0.01277242777496,0.10136213887481,0.0,0.0,0.0,0.18075,-487.34,747.6724410278091,0.0,0.88586543335023,0.0,0.0,35594.0
0.07571072319202,0.0,0.01277242777496,0.10136213887481,0.0,0.0,0.0,0.18075,-487.34,747.6724410278091,0.0,0.88586543335023,0.0,0.0,35594.0
0.07600997506234,0.0,0.01277242777496,0.10136213887481,0.0,0.0,0.0,0.18075,-487.34,747.6724410278091,0.0,0.88586543335023,0.0,0.0,35594.0
0.07630922693267,0.0,0.01277242777496,0.10136213887481,0.0,0.0,0.0,0.18075,-487.34,747.6724410278091,0.0,0.88586543335023,0.0,0.0,35594.0
0.07660847880299,0.0,0.01277242777496,0.10136213887481,0.0,0.0,0.0,0.18075,-487.34,747.6724410278091,0.0,0.88586543335023,0.0,0.0,35594.0
0.07690773067332,0.0,0.01277242777496,0.10136213887481,0.0,0.0,0.0,0.18075,-487.34,747.6724410278091,0.0,0.88586543335023,0.0,0.0,35594.0
0.07720698254364,0.0,0.01277242777496,0.10136213887481,0.0,0.0,0.0,0.18075,-487.34,747.6724410278091,0.0,0.88586543335023,0.0,0.0,35594.0
0.07750623441397,0.0,0.01277242777496,0.10136213887481,0.0,0.0,0.0,0.18075,-487.34,747.6724410278091,0.0,0.88586543335023,0.0,0.0,35594.0
0.07780548628429,0.0,0.01277242777496,0.10136213887481,0.0,0.0,0.0,0.18075,-487.34,747.6724410278091,0.0,0.88586543335023,0.0,0.0,35594.0
0.07810473815461,0.0,0.01277242777496,0.10136213887481,0.0,0.0,0.0,0.18075,-487.34,747.6724410278091,0.0,0.88586543335023,0.0,0.0,35594.0
0.07840399002494,0.0,0.01277242777496,0.10136213887481,0.0,0.0,0.0,0.18075,-487.34,747.6724410278091,0.0,0.88586543335023,0.0,0.0,35594.0
0.07870324189526,0.0,0.01277242777496,0.10136213887481,0.0,0.0,0.0,0.18075,-487.34,747.6724410278091,0.0,0.88586543335023,0.0,0.0,35594.0
0.07900249376559,0.0,0.01277242777496,0.10136213887481,0.0,0.0,0.0,0.18075,-487.34,747.6724410278091,0.0,0.88586543335023,0.0,0.0,35594.0
0.07930174563591,0.0,0.01277242777496,0.10136213887481,0.0,0.0,0.0,0.18075,-487.34,747.6724410278091,0.0,0.88586543335023,0.0,0.0,35594.0
0.07960099750623,0.0,0.01277242777496,0.10136213887481,0.0,0.0,0.0,0.18075,-487.34,747.6724410278091,0.0,0.88586543335023,0.0,0.0,35594.0
0.07990024937656,0.0,0.01277242777496,0.10136213887481,0.0,0.0,0.0,0.18075,-487.34,747.6724410278091,0.0,0.88586543335023,0.0,0.0,35594.0
0.08019950124688,0.0,0.01277242777496,0.10136213887481,0.0,0.0,0.0,0.18075,-487.34,747.6724410278091,0.0,0.88586543335023,0.0,0.0,35594.0
0.08049875311721,0.0,0.01277242777496,0.10136213887481,0.0,0.0,0.0,0.18075,-487.34,747.6724410278091,0.0,0.88586543335023,0.0,0.0,35594.0
0.08079800498753,0.0,0.01277242777496,0.10136213887481,0.0,0.0,0.0,0.18075,-487.34,747.6724410278091,0.0,0.88586543335023,0.0,0.0,35594.0
0.08109725685786,0.0,0.01277242777496,0.10136213887481,0.0,0.0,0.0,0.18075,-487.34,747.6724410278091,0.0,0.88586543335023,0.0,0.0,35594.0
0.08139650872818,0.0,0.01277242777496,0.10136213887481,0.0,0.0,0.0,0.18075,-487.34,747.6724410278091,0.0,0.88586543335023,0.0,0.0,35594.0
0.0816957605985,0.0,0.01277242777496,0.10136213887481,0.0,0.0,0.0,0.18075,-487.34,747.6724410278091,0.0,0.88586543335023,0.0,0.0,35594.0
0.08199501246883,0.0,0.01277242777496,0.10136213887481,0.0,0.0,0.0,0.18075,-487.34,747.6724410278091,0.0,0.88586543335023,0.0,0.0,35594.0
0.08229426433915,0.0,0.01277242777496,0.10136213887481,0.0,0.0,0.0,0.18075,-487.34,747.6724410278091,0.0,0.88586543335023,0.0,0.0,35594.0
0.08259351620948,0.0,0.01277242777496,0.10136213887481,0.0,0.0,0.0,0.18075,-487.34,747.6724410278091,0.0,0.88586543335023,0.0,0.0,35594.0
0.0828927680798,0.0,0.01277242777496,0.10136213887481,0.0,0.0,0.0,0.18075,-487.34,747.6724410278091,0.0,0.88586543335023,0.0,0.0,35594.0
0.08319201995012,0.0,0.01277242777496,0.10136213887481,0.0,0.0,0.0,0.18075,-487.34,747.6724410278091,0.0,0.88586543335023,0.0,0.0,35594.0
0.08349127182045,0.0,0.01277242777496,0.10136213887481,0.0,0.0,0.0,0.18075,-487.34,747.6724410278091,0.0,0.88586543335023,0.0,0.0,35594.0
0.08379052369077,0.0,0.01277242777496,0.10136213887481,0.0,0.0,0.0,0.18075,-487.34,747.6724410278091,0.0,0.88586543335023,0.0,0.0,35594.0
0.0840897755611,0.0,0.01277242777496,0.10136213887481,0.0,0.0,0.0,0.18075,-487.34,747.6724410278091,0.0,0.88586543335023,0.0,0.0,35594.0
0.08438902743142,0.0,0.01277242777496,0.10136213887481,0.0,0.0,0.0,0.18075,-487.34,747.6724410278091,0.0,0.88586543335023,0.0,0.0,35594.0
0.08468827930175,0.0,0.01277242777496,0.10136213887481,0.0,0.0,0.0,0.18075,-487.34,747.6724410278091,0.0,0.88586543335023,0.0,0.0,35594.0
0.08498753117207,0.0,0.01277242777496,0.10136213887481,0.0,0.0,0.0,0.18075,-487.34,747.6724410278091,0.0,0.88586543335023,0.0,0.0,35594.0
0.08528678304239,0.0,0.01277242777496,0.10136213887481,0.0,0.0,0.0,0.18075,-487.34,747.6724410278091,0.0,0.88586543335023,0.0,0.0,35594.0
0.08558603491272,0.0,0.01277242777496,0.10136213887481,0.0,0.0,0.0,0.18075,-487.34,747.6724410278091,0.0,0.88586543335023,0.0,0.0,35594.0
0.08588528678304,0.0,0.01277242777496,0.10136213887481,0.0,0.0,0.0,0.18075,-487.34,747.6724410278091,0.0,0.88586543335023,0.0,0.0,35594.0
0.08618453865337,0.0,0.01277242777496,0.10136213887481,0.0,0.0,0.0,0.18075,-487.34,747.6724410278091,0.0,0.88586543335023,0.0,0.0,35594.0
0.08648379052369,0.0,0.01277242777496,0.10136213887481,0.0,0.0,0.0,0.18075,-487.34,747.6724410278091,0.0,0.88586543335023,0.0,0.0,35594.0
0.08678304239401,0.0,0.01277242777496,0.10136213887481,0.0,0.0,0.0,0.18075,-487.34,747.6724410278091,0.0,0.88586543335023,0.0,0.0,35594.0
0.08708229426434,0.0,0.01277242777496,0.10136213887481,0.0,0.0,0.0,0.18075,-487.34,747.6724410278091,0.0,0.88586543335023,0.0,0.0,35594.0
0.08738154613466,0.0,0.01277242777496,0.10136213887481,0.0,0.0,0.0,0.18075,-487.34,747.6724410278091,0.0,0.88586543335023,0.0,0.0,35594.0
0.08768079800499,0.0,0.01277242777496,0.10136213887481,0.0,0.0,0.0,0.18075,-487.34,747.6724410278091,0.0,0.88586543335023,0.0,0.0,35594.0
0.08798004987531,0.0,0.01277242777496,0.10136213887481,0.0,0.0,0.0,0.18075,-487.34,747.6724410278091,0.0,0.88586543335023,0.0,0.0,35594.0
0.08827930174564,0.0,0.01277242777496,0.10136213887481,0.0,0.0,0.0,0.18075,-487.34,747.6724410278091,0.0,0.88586543335023,0.0,0.0,35594.0
0.08857855361596,0.0,0.01277242777496,0.10136213887481,0.0,0.0,0.0,0.18075,-487.34,747.6724410278091,0.0,0.88586543335023,0.0,0.0,35594.0
0.08887780548628,0.0,0.01277242777496,0.10136213887481,0.0,0.0,0.0,0.18075,-487.34,747.6724410278091,0.0,0.88586543335023,0.0,0.0,35594.0
0.08917705735661,0.0,0.01277242777496,0.10136213887481,0.0,0.0,0.0,0.18075,-487.34,747.6724410278091,0.0,0.88586543335023,0.0,0.0,35594.0
0.08947630922693,0.0,0.01277242777496,0.10136213887481,0.0,0.0,0.0,0.18075,-487.34,747.6724410278091,0.0,0.88586543335023,0.0,0.0,35594.0
0.08977556109726,0.0,0.01277242777496,0.10136213887481,0.0,0.0,0.0,0.18075,-487.34,747.6724410278091,0.0,0.88586543335023,0.0,0.0,35594.0
0.09007481296758,0.0,0.01277242777496,0.10136213887481,0.0,0.0,0.0,0.18075,-487.34,747.6724410278091,0.0,0.88586543335023,0.0,0.0,35594.0
0.09037406483791,0.0,0.01277242777496,0.10136213887481,0.0,0.0,0.0,0.18075,-487.34,747.6724410278091,0.0,0.88586543335023,0.0,0.0,35594.0
0.09067331670823,0.0,0.01277242777496,0.10136213887481,0.0,0.0,0.0,0.18075,-487.34,747.6724410278091,0.0,0.88586543335023,0.0,0.0,35594.0
0.09097256857855,0.0,0.01277242777496,0.10136213887481,0.0,0.0,0.0,0.18075,-487.34,747.6724410278091,0.0,0.88586543335023,0.0,0.0,35594.0
0.09127182044888,0.0,0.01277242777496,0.10136213887481,0.0,0.0,0.0,0.18075,-487.34,747.6724410278091,0.0,0.88586543335023,0.0,0.0,35594.0
0.0915710723192,0.0,0.01277242777496,0.10136213887481,0.0,0.0,0.0,0.18075,-487.34,747.6724410278091,0.0,0.88586543335023,0.0,0.0,35594.0
0.09187032418953,0.0,0.01277242777496,0.10136213887481,0.0,0.0,0.0,0.18075,-487.34,747.6724410278091,0.0,0.88586543335023,0.0,0.0,35594.0
0.09216957605985,0.0,0.01277242777496,0.10136213887481,0.0,0.0,0.0,0.18075,-487.34,747.6724410278091,0.0,0.88586543335023,0.0,0.0,35594.0
0.09246882793017,0.0,0.01277242777496,0.10136213887481,0.0,0.0,0.0,0.18075,-487.34,747.6724410278091,0.0,0.88586543335023,0.0,0.0,35594.0
0.0927680798005,0.0,0.01277242777496,0.10136213887481,0.0,0.0,0.0,0.18075,-487.34,747.6724410278091,0.0,0.88586543335023,0.0,0.0,35594.0
0.09306733167082,0.0,0.01277242777496,0.10136213887481,0.0,0.0,0.0,0.18075,-487.34,747.6724410278091,0.0,0.88586543335023,0.0,0.0,35594.0
0.09336658354115,0.0,0.01277242777496,0.10136213887481,0.0,0.0,0.0,0.18075,-487.34,747.6724410278091,0.0,0.88586543335023,0.0,0.0,35594.0
0.09366583541147,0.0,0.01277242777496,0.10136213887481,0.0,0.0,0.0,0.18075,-487.34,747.6724410278091,0.0,0.88586543335023,0.0,0.0,35594.0
0.0939650872818,0.0,0.01277242777496,0.10136213887481,0.0,0.0,0.0,0.18075,-487.34,747.6724410278091,0.0,0.88586543335023,0.0,0.0,35594.0
0.09426433915212,0.0,0.01277242777496,0.10136213887481,0.0,0.0,0.0,0.18075,-487.34,747.6724410278091,0.0,0.88586543335023,0.0,0.0,35594.0
0.09456359102244,0.0,0.01277242777496,0.10136213887481,0.0,0.0,0.0,0.18075,-487.34,747.6724410278091,0.0,0.88586543335023,0.0,0.0,35594.0
0.09486284289277,0.0,0.01277242777496,0.10136213887481,0.0,0.0,0.0,0.18075,-487.34,747.6724410278091,0.0,0.88586543335023,0.0,0.0,35594.0
0.09516209476309,0.0,0.01277242777496,0.10136213887481,0.0,0.0,0.0,0.18075,-487.34,747.6724410278091,0.0,0.88586543335023,0.0,0.0,35594.0
0.09546134663342,0.0,0.01277242777496,0.10136213887481,0.0,0.0,0.0,0.18075,-487.34,747.6724410278091,0.0,0.88586543335023,0.0,0.0,35594.0
0.09576059850374,0.0,0.01277242777496,0.10136213887481,0.0,0.0,0.0,0.18075,-487.34,747.6724410278091,0.0,0.88586543335023,0.0,0.0,35594.0
0.09605985037406,0.0,0.01277242777496,0.10136213887481,0.0,0.0,0.0,0.18075,-487.34,747.6724410278091,0.0,0.88586543335023,0.0,0.0,35594.0
0.09635910224439,0.0,0.01277242777496,0.10136213887481,0.0,0.0,0.0,0.18075,-487.34,747.6724410278091,0.0,0.88586543335023,0.0,0.0,35594.0
0.09665835411471,0.0,0.01277242777496,0.10136213887481,0.0,0.0,0.0,0.18075,-487.34,747.6724410278091,0.0,0.88586543335023,0.0,0.0,35594.0
0.09695760598504,0.0,0.01277242777496,0.10136213887481,0.0,0.0,0.0,0.18075,-487.34,747.6724410278091,0.0,0.88586543335023,0.0,0.0,35594.0
0.09725685785536,0.0,0.01277242777496,0.10136213887481,0.0,0.0,0.0,0.18075,-487.34,747.6724410278091,0.0,0.88586543335023,0.0,0.0,35594.0
0.09755610972569,0.0,0.01277242777496,0.10136213887481,0.0,0.0,0.0,0.18075,-487.34,747.6724410278091,0.0,0.88586543335023,0.0,0.0,35594.0
0.09785536159601,0.0,0.01277242777496,0.10136213887481,0.0,0.0,0.0,0.18075,-487.34,747.6724410278091,0.0,0.88586543335023,0.0,0.0,35594.0
0.09815461346633,0.0,0.01277242777496,0.10136213887481,0.0,0.0,0.0,0.18075,-487.34,747.6724410278091,0.0,0.88586543335023,0.0,0.0,35594.0
0.09845386533666,0.0,0.01277242777496,0.10136213887481,0.0,0.0,0.0,0.18075,-487.34,747.6724410278091,0.0,0.88586543335023,0.0,0.0,35594.0
0.09875311720698,0.0,0.01277242777496,0.10136213887481,0.0,0.0,0.0,0.18075,-487.34,747.6724410278091,0.0,0.88586543335023,0.0,0.0,35594.0
0.09905236907731,0.0,0.01277242777496,0.10136213887481,0.0,0.0,0.0,0.18075,-487.34,747.6724410278091,0.0,0.88586543335023,0.0,0.0,35594.0
0.09935162094763,0.0,0.01277242777496,0.10136213887481,0.0,0.0,0.0,0.18075,-487.34,747.6724410278091,0.0,0.88586543335023,0.0,0.0,35594.0
0.09965087281796,0.0,0.01277242777496,0.10136213887481,0.0,0.0,0.0,0.18075,-487.34,747.6724410278091,0.0,0.88586543335023,0.0,0.0,35594.0
0.09995012468828,0.0,0.01277242777496,0.10136213887481,0.0,0.0,0.0,0.18075,-487.34,747.6724410278091,0.0,0.88586543335023,0.0,0.0,35594.0
0.1002493765586,0.0,0.01277242777496,0.10136213887481,0.0,0.0,0.0,0.18075,-487.34,747.6724410278091,0.0,0.88586543335023,0.0,0.0,35594.0
0.10054862842893,0.0,0.01277242777496,0.10136213887481,0.0,0.0,0.0,0.18075,-487.34,747.6724410278091,0.0,0.88586543335023,0.0,0.0,35594.0
0.10084788029925,0.0,0.01277242777496,0.10136213887481,0.0,0.0,0.0,0.18075,-487.34,747.6724410278091,0.0,0.88586543335023,0.0,0.0,35594.0
0.10114713216958,0.0,0.01277242777496,0.10136213887481,0.0,0.0,0.0,0.18075,-487.34,747.6724410278091,0.0,0.88586543335023,0.0,0.0,35594.0
0.1014463840399,0.0,0.01277242777496,0.10136213887481,0.0,0.0,0.0,0.18075,-487.34,747.6724410278091,0.0,0.88586543335023,0.0,0.0,35594.0
0.10174563591022,0.0,0.01277242777496,0.10136213887481,0.0,0.0,0.0,0.18075,-487.34,747.6724410278091,0.0,0.88586543335023,0.0,0.0,35594.0
0.10204488778055,0.0,0.01277242777496,0.10136213887481,0.0,0.0,0.0,0.18075,-487.34,747.6724410278091,0.0,0.88586543335023,0.0,0.0,35594.0
0.10234413965087,0.0,0.01277242777496,0.10136213887481,0.0,0.0,0.0,0.18075,-487.34,747.6724410278091,0.0,0.88586543335023,0.0,0.0,35594.0
0.1026433915212,0.0,0.01277242777496,0.10136213887481,0.0,0.0,0.0,0.18075,-487.34,747.6724410278091,0.0,0.88586543335023,0.0,0.0,35594.0
0.10294264339152,0.0,0.01277242777496,0.10136213887481,0.0,0.0,0.0,0.18075,-487.34,747.6724410278091,0.0,0.88586543335023,0.0,0.0,35594.0
0.10324189526185,0.0,0.01277242777496,0.10136213887481,0.0,0.0,0.0,0.18075,-487.34,747.6724410278091,0.0,0.88586543335023,0.0,0.0,35594.0
0.10354114713217,0.0,0.01277242777496,0.10136213887481,0.0,0.0,0.0,0.18075,-487.34,747.6724410278091,0.0,0.88586543335023,0.0,0.0,35594.0
0.10384039900249,0.0,0.01277242777496,0.10136213887481,0.0,0.0,0.0,0.18075,-487.34,747.6724410278091,0.0,0.88586543335023,0.0,0.0,35594.0
0.10413965087282,0.0,0.01277242777496,0.10136213887481,0.0,0.0,0.0,0.18075,-487.34,747.6724410278091,0.0,0.88586543335023,0.0,0.0,35594.0
0.10443890274314,0.0,0.01277242777496,0.10136213887481,0.0,0.0,0.0,0.18075,-487.34,747.6724410278091,0.0,0.88586543335023,0.0,0.0,35594.0
0.10473815461347,0.0,0.01277242777496,0.10136213887481,0.0,0.0,0.0,0.18075,-487.34,747.6724410278091,0.0,0.88586543335023,0.0,0.0,35594.0
0.10503740648379,0.0,0.01277242777496,0.10136213887481,0.0,0.0,0.0,0.18075,-487.34,747.6724410278091,0.0,0.88586543335023,0.0,0.0,35594.0
0.10533665835411,0.0,0.01277242777496,0.10136213887481,0.0,0.0,0.0,0.18075,-487.34,747.6724410278091,0.0,0.88586543335023,0.0,0.0,35594.0
0.10563591022444,0.0,0.01277242777496,0.10136213887481,0.0,0.0,0.0,0.18075,-487.34,747.6724410278091,0.0,0.88586543335023,0.0,0.0,35594.0
0.10593516209476,0.0,0.01277242777496,0.10136213887481,0.0,0.0,0.0,0.18075,-487.34,747.6724410278091,0.0,0.88586543335023,0.0,0.0,35594.0
0.10623441396509,0.0,0.01277242777496,0.10136213887481,0.0,0.0,0.0,0.18075,-487.34,747.6724410278091,0.0,0.88586543335023,0.0,0.0,35594.0
0.10653366583541,0.0,0.01277242777496,0.10136213887481,0.0,0.0,0.0,0.18075,-487.34,747.6724410278091,0.0,0.88586543335023,0.0,0.0,35594.0
0.10683291770574,0.0,0.01277242777496,0.10136213887481,0.0,0.0,0.0,0.18075,-487.34,747.6724410278091,0.0,0.88586543335023,0.0,0.0,35594.0
0.10713216957606,0.0,0.01277242777496,0.10136213887481,0.0,0.0,0.0,0.18075,-487.34,747.6724410278091,0.0,0.88586543335023,0.0,0.0,35594.0
0.10743142144638,0.0,0.01277242777496,0.10136213887481,0.0,0.0,0.0,0.18075,-487.34,747.6724410278091,0.0,0.88586543335023,0.0,0.0,35594.0
0.10773067331671,0.0,0.01277242777496,0.10136213887481,0.0,0.0,0.0,0.18075,-487.34,747.6724410278091,0.0,0.88586543335023,0.0,0.0,35594.0
0.10802992518703,0.0,0.01277242777496,0.10136213887481,0.0,0.0,0.0,0.18075,-487.34,747.6724410278091,0.0,0.88586543335023,0.0,0.0,35594.0
0.10832917705736,0.0,0.01277242777496,0.10136213887481,0.0,0.0,0.0,0.18075,-487.34,747.6724410278091,0.0,0.88586543335023,0.0,0.0,35594.0
0.10862842892768,0.0,0.01277242777496,0.10136213887481,0.0,0.0,0.0,0.18075,-487.34,747.6724410278091,0.0,0.88586543335023,0.0,0.0,35594.0
0.108927680798,0.0,0.01277242777496,0.10136213887481,0.0,0.0,0.0,0.18075,-487.34,747.6724410278091,0.0,0.88586543335023,0.0,0.0,35594.0
0.10922693266833,0.0,0.01277242777496,0.10136213887481,0.0,0.0,0.0,0.18075,-487.34,747.6724410278091,0.0,0.88586543335023,0.0,0.0,35594.0
0.10952618453865,0.0,0.01277242777496,0.10136213887481,0.0,0.0,0.0,0.18075,-487.34,747.6724410278091,0.0,0.88586543335023,0.0,0.0,35594.0
0.10982543640898,0.0,0.01277242777496,0.10136213887481,0.0,0.0,0.0,0.18075,-487.34,747.6724410278091,0.0,0.88586543335023,0.0,0.0,35594.0
0.1101246882793,0.0,0.01277242777496,0.10136213887481,0.0,0.0,0.0,0.18075,-487.34,747.6724410278091,0.0,0.88586543335023,0.0,0.0,35594.0
0.11042394014963,0.0,0.01277242777496,0.10136213887481,0.0,0.0,0.0,0.18075,-487.34,747.6724410278091,0.0,0.88586543335023,0.0,0.0,35594.0
0.11072319201995,0.0,0.01277242777496,0.10136213887481,0.0,0.0,0.0,0.18075,-487.34,747.6724410278091,0.0,0.88586543335023,0.0,0.0,35594.0
0.11102244389027,0.0,0.01277242777496,0.10136213887481,0.0,0.0,0.0,0.18075,-487.34,747.6724410278091,0.0,0.88586543335023,0.0,0.0,35594.0
0.1113216957606,0.0,0.01277242777496,0.10136213887481,0.0,0.0,0.0,0.18075,-487.34,747.6724410278091,0.0,0.88586543335023,0.0,0.0,35594.0
0.11162094763092,0.0,0.01277242777496,0.10136213887481,0.0,0.0,0.0,0.18075,-487.34,747.6724410278091,0.0,0.88586543335023,0.0,0.0,35594.0
0.11192019950125,0.0,0.01277242777496,0.10136213887481,0.0,0.0,0.0,0.18075,-487.34,747.6724410278091,0.0,0.88586543335023,0.0,0.0,35594.0
0.11221945137157,0.0,0.01277242777496,0.10136213887481,0.0,0.0,0.0,0.18075,-487.34,747.6724410278091,0.0,0.88586543335023,0.0,0.0,35594.0
0.1125187032419,0.0,0.01277242777496,0.10136213887481,0.0,0.0,0.0,0.18075,-487.34,747.6724410278091,0.0,0.88586543335023,0.0,0.0,35594.0
0.11281795511222,0.0,0.01277242777496,0.10136213887481,0.0,0.0,0.0,0.18075,-487.34,747.6724410278091,0.0,0.88586543335023,0.0,0.0,35594.0
0.11311720698254,0.0,0.01277242777496,0.10136213887481,0.0,0.0,0.0,0.18075,-487.34,747.6724410278091,0.0,0.88586543335023,0.0,0.0,35594.0
0.11341645885287,0.0,0.01277242777496,0.10136213887481,0.0,0.0,0.0,0.18075,-487.34,747.6724410278091,0.0,0.88586543335023,0.0,0.0,35594.0
0.11371571072319,0.0,0.01277242777496,0.10136213887481,0.0,0.0,0.0,0.18075,-487.34,747.6724410278091,0.0,0.88586543335023,0.0,0.0,35594.0
0.11401496259352,0.0,0.01277242777496,0.10136213887481,0.0,0.0,0.0,0.18075,-487.34,747.6724410278091,0.0,0.88586543335023,0.0,0.0,35594.0
0.11431421446384,0.0,0.01277242777496,0.10136213887481,0.0,0.0,0.0,0.18075,-487.34,747.6724410278091,0.0,0.88586543335023,0.0,0.0,35594.0
0.11461346633416,0.0,0.01277242777496,0.10136213887481,0.0,0.0,0.0,0.18075,-487.34,747.6724410278091,0.0,0.88586543335023,0.0,0.0,35594.0
0.11491271820449,0.0,0.01277242777496,0.10136213887481,0.0,0.0,0.0,0.18075,-487.34,747.6724410278091,0.0,0.88586543335023,0.0,0.0,35594.0
0.11521197007481,0.0,0.01277242777496,0.10136213887481,0.0,0.0,0.0,0.18075,-487.34,747.6724410278091,0.0,0.88586543335023,0.0,0.0,35594.0
0.11551122194514,0.0,0.01277242777496,0.10136213887481,0.0,0.0,0.0,0.18075,-487.34,747.6724410278091,0.0,0.88586543335023,0.0,0.0,35594.0
0.11581047381546,0.0,0.01277242777496,0.10136213887481,0.0,0.0,0.0,0.18075,-487.34,747.6724410278091,0.0,0.88586543335023,0.0,0.0,35594.0
0.11610972568579,0.0,0.01277242777496,0.10136213887481,0.0,0.0,0.0,0.18075,-487.34,747.6724410278091,0.0,0.88586543335023,0.0,0.0,35594.0
0.11640897755611,0.0,0.01277242777496,0.10136213887481,0.0,0.0,0.0,0.18075,-487.34,747.6724410278091,0.0,0.88586543335023,0.0,0.0,35594.0
0.11670822942643,0.0,0.01277242777496,0.10136213887481,0.0,0.0,0.0,0.18075,-487.34,747.6724410278091,0.0,0.88586543335023,0.0,0.0,35594.0
0.11700748129676,0.0,0.01277242777496,0.10136213887481,0.0,0.0,0.0,0.18075,-487.34,747.6724410278091,0.0,0.88586543335023,0.0,0.0,35594.0
0.11730673316708,0.0,0.01277242777496,0.10136213887481,0.0,0.0,0.0,0.18075,-487.34,747.6724410278091,0.0,0.88586543335023,0.0,0.0,35594.0
0.11760598503741,0.0,0.01277242777496,0.10136213887481,0.0,0.0,0.0,0.18075,-487.34,747.6724410278091,0.0,0.88586543335023,0.0,0.0,35594.0
0.11790523690773,0.0,0.01277242777496,0.10136213887481,0.0,0.0,0.0,0.18075,-487.34,747.6724410278091,0.0,0.88586543335023,0.0,0.0,35594.0
0.11820448877805,0.0,0.01277242777496,0.10136213887481,0.0,0.0,0.0,0.18075,-487.34,747.6724410278091,0.0,0.88586543335023,0.0,0.0,35594.0
0.11850374064838,0.0,0.01277242777496,0.10136213887481,0.0,0.0,0.0,0.18075,-487.34,747.6724410278091,0.0,0.88586543335023,0.0,0.0,35594.0
0.1188029925187,0.0,0.01277242777496,0.10136213887481,0.0,0.0,0.0,0.18075,-487.34,747.6724410278091,0.0,0.88586543335023,0.0,0.0,35594.0
0.11910224438903,0.0,0.01277242777496,0.10136213887481,0.0,0.0,0.0,0.18075,-487.34,747.6724410278091,0.0,0.88586543335023,0.0,0.0,35594.0
0.11940149625935,0.0,0.01277242777496,0.10136213887481,0.0,0.0,0.0,0.18075,-487.34,747.6724410278091,0.0,0.88586543335023,0.0,0.0,35594.0
0.11970074812968,0.0,0.01277242777496,0.10136213887481,0.0,0.0,0.0,0.18075,-487.34,747.6724410278091,0.0,0.88586543335023,0.0,0.0,35594.0
0.12,0.0,0.01277242777496,0.10136213887481,0.0,0.0,0.0,0.18075,-487.34,747.6724410278091,0.0,0.88586543335023,0.0,0.0,35594.0
